response_id,unique_species,study_id,origin,org_level,flux_pattern,exposure_temp,mean_temp_reared,flux_range,period_flux,resp_def,resp_units,constant_resp,flux_resp,constant_variance,flux_variance,constant_samp,flux_samp,resp_quality,variance_type,genus,species,larger_group,exp_age,size,add_covariate,add_covariate_value,extra_covariate,extra_value,add_info,environment,stressful,SD_constant,SD_variable,yi,vi,tpc_zone,metric_type
1,1,bartheld_2017,figure 2,0,1,5.019762846,20,3,24,maximal swimming speed,BL * s^-1,1.128786067,0.915581115,0.089408528,0.068775791,18,25,1,0,Calyptocephalella,gayi,1,1,1,NA,NA,NA,NA,NA,aquatic,NA,0.3793282586682438,0.01803654671507138,-0.8554242852359952,0.10406428471568943,high,rate
1,1,bartheld_2017,figure 2,0,1,11.97628458,20,3,24,maximal swimming speed,BL * s^-1,3.296419581,2.636171988,0.175374869,0.123793026,18,25,1,0,Calyptocephalella,gayi,1,1,1,NA,NA,NA,NA,NA,aquatic,NA,0.7440525547176146,0.04355562684987603,-1.3494186859960624,0.11672916939410602,high,rate
1,1,bartheld_2017,figure 2,0,1,20,20,3,24,maximal swimming speed,BL * s^-1,4.212517194,3.40784044,0.182255846,0.134112792,18,25,1,0,Calyptocephalella,gayi,1,1,1,NA,NA,NA,NA,NA,aquatic,NA,0.7732460677049465,0.04911399999133771,-1.5818377763101612,0.1246510293992983,high,rate
1,1,bartheld_2017,figure 2,0,1,25.01976285,20,3,24,maximal swimming speed,BL * s^-1,3.504989643,3.216124525,0.2303989,0.140990371,18,25,1,0,Calyptocephalella,gayi,1,1,1,NA,NA,NA,NA,NA,aquatic,NA,0.9774997474075273,0.05294002962571583,-0.4495443989129066,0.09790544121362493,high,rate
1,1,bartheld_2017,figure 2,0,1,30,20,3,24,maximal swimming speed,BL * s^-1,2.804332875,2.542978073,0.161623109,0.15130674,18,25,1,0,Calyptocephalella,gayi,1,1,1,NA,NA,NA,NA,NA,aquatic,NA,0.685708778222115,0.05885554848603225,-0.5780101403223988,0.09944038953596858,high,rate
1,1,bartheld_2017,figure 2,0,1,34.98023715,20,3,24,maximal swimming speed,BL * s^-1,1.608490412,1.704776519,0.178817056,0.113480055,18,25,1,0,Calyptocephalella,gayi,1,1,1,NA,NA,NA,NA,NA,aquatic,NA,0.7586565173364876,0.038227800106928014,0.1931225270879255,0.09598923358426284,high,rate
1,1,kern_2015phys,figure 5a,0,1,39.721402930000004,24,10,24,CT max,C,39.721402930000004,40.51499586,0.075117371,0.169014085,7,7,1,0,Limnodynastes,peronii,1,1,2,NA,NA,NA,NA,NA,aquatic,NA,0.19874188280697527,0.06948392580762919,4.9891969382040475,1.1747173602923087,high,trait
1,2,kern_2015phys,figure 5b,0,1,40.48826291,24,10,24,CT max,C,40.48826291,41.57722708,0.112676056,0.093896714,7,7,1,0,Limnodynastes,tasmaniensis,1,1,2,NA,NA,NA,NA,NA,aquatic,NA,0.2981128228875872,0.028772366986147033,4.812640145763361,1.1129108990218997,high,trait
1,3,kern_2015phys,figure 5c,0,1,41.73584906,24,10,24,CT max,C,41.73584906,42.90566038,0.150943396,0.132075472,7,7,1,0,Platyplectrum,ornatum,1,1,2,NA,NA,NA,NA,NA,aquatic,NA,0.39935868786354173,0.04799911799646857,3.849480468736382,0.8149464242565312,high,trait
2,1,kern_2015phys,Figure 2a,0,1,13,24,10,24,Umax,m * sec^-1,0.593442623,0.537704918,0.047540984,0.02295082,7,7,1,0,Limnodynastes,peronii,1,1,2,NA,NA,NA,NA,NA,aquatic,NA,0.12578162074730073,0.003476940912561686,-0.5863134886863085,0.2979915538219825,high,rate
2,1,kern_2015phys,Figure 2a,0,1,18,24,10,24,Umax,m * sec^-1,0.586885246,0.550819672,0.029508197,0.036065574,7,7,1,0,Limnodynastes,peronii,1,1,2,NA,NA,NA,NA,NA,aquatic,NA,0.07807135089990222,0.006849190929482715,-0.6091161637418454,0.2989650893189851,high,rate
2,1,kern_2015phys,Figure 2a,0,1,23,24,10,24,Umax,m * sec^-1,0.649180328,0.609836066,0.03442623,0.047540984,7,7,1,0,Limnodynastes,peronii,1,1,2,NA,NA,NA,NA,NA,aquatic,NA,0.09108324315751115,0.010365786264168137,-0.5680837886538489,0.29723997110468964,high,rate
2,1,kern_2015phys,Figure 2a,0,1,28,24,10,24,Umax,m * sec^-1,0.68852459,0.71147541,0.040983607,0.019672131,7,7,1,0,Limnodynastes,peronii,1,1,2,NA,NA,NA,NA,NA,aquatic,NA,0.10843243195240593,0.0027591614377526527,0.2800672355268868,0.288515630586274,high,rate
2,1,kern_2015phys,Figure 2a,0,1,33,24,10,24,Umax,m * sec^-1,0.76393442600000006,0.740983607,0.031147541,0.049180328,7,7,1,0,Limnodynastes,peronii,1,1,2,NA,NA,NA,NA,NA,aquatic,NA,0.08240864743718809,0.010906543385578888,-0.36544218942080964,0.2904838569217384,high,rate
2,1,kern_2015phys,Figure 2a,0,1,36,24,10,24,Umax,m * sec^-1,0.675409836,0.747540984,0.032786885,0.060655738,7,7,1,0,Limnodynastes,peronii,1,1,2,NA,NA,NA,NA,NA,aquatic,NA,0.08674594397447397,0.014938529076878449,1.084654377570044,0.3277312542422092,high,rate
2,2,kern_2015phys,Figure 2b,0,1,18.1,24,10,24,Umax,m * sec^-1,0.568163265,0.542040816,0.022857143,0.027755102,7,7,1,0,Limnodynastes,tasmaniensis,1,1,2,NA,NA,NA,NA,NA,aquatic,NA,0.060474316059440834,0.004623961842272159,-0.5700867530509303,0.2973213895001483,high,rate
2,2,kern_2015phys,Figure 2b,0,1,23.1,24,10,24,Umax,m * sec^-1,0.656326531,0.613877551,0.048979592,0.048979592,7,7,1,0,Limnodynastes,tasmaniensis,1,1,2,NA,NA,NA,NA,NA,aquatic,NA,0.12958781974940875,0.010839836824925482,-0.43206871523557366,0.29238154909590425,high,rate
2,2,kern_2015phys,Figure 2b,0,1,28,24,10,24,Umax,m * sec^-1,0.662857143,0.620408163,0.057142857,0.031020408,7,7,1,0,Limnodynastes,tasmaniensis,1,1,2,NA,NA,NA,NA,NA,aquatic,NA,0.15118578882572642,0.00546350391285124,-0.37139559336045147,0.2906405245274129,high,rate
2,2,kern_2015phys,Figure 2b,0,1,33.1,24,10,24,Umax,m * sec^-1,0.69877551,0.646530612,0.045714286,0.040816327,7,7,1,0,Limnodynastes,tasmaniensis,1,1,2,NA,NA,NA,NA,NA,aquatic,NA,0.12094863211888167,0.008246143363080344,-0.5704265573131061,0.2973352306174315,high,rate
2,2,kern_2015phys,Figure 2b,0,1,38.1,24,10,24,Umax,m * sec^-1,0.532244898,0.623673469,0.032653061,0.057142857,7,7,1,0,Limnodynastes,tasmaniensis,1,1,2,NA,NA,NA,NA,NA,aquatic,NA,0.08639187895102204,0.013659755484026129,1.3836012054177425,0.35408401055833677,high,rate
2,3,kern_2015phys,Figure 2c,0,1,13,24,10,24,Umax,m * sec^-1,0.420899544,0.336001585,0.026122449,0.019591837,7,7,1,0,Platyplectrum,ornatum,1,1,2,NA,NA,NA,NA,NA,aquatic,NA,0.06911350368996791,0.002742285948497844,-1.6246379592414102,0.37998030352171763,high,rate
2,3,kern_2015phys,Figure 2c,0,1,18,24,10,24,Umax,m * sec^-1,0.368107787,0.397495542,0.013061224,0.013061224,7,7,1,0,Platyplectrum,ornatum,1,1,2,NA,NA,NA,NA,NA,aquatic,NA,0.0345567505221083,0.001492711286297377,1.1245857338677885,0.3308818954578197,high,rate
2,3,kern_2015phys,Figure 2c,0,1,23,24,10,24,Umax,m * sec^-1,0.419805825,0.426336437,0.026122449,0.006530612,7,7,1,0,Platyplectrum,ornatum,1,1,2,NA,NA,NA,NA,NA,aquatic,NA,0.06911350368996791,5.277531364472845e-4,0.12506683597615398,0.2862729183378959,high,rate
2,3,kern_2015phys,Figure 2c,0,1,28.1,24,10,24,Umax,m * sec^-1,0.471503864,0.471511789,0.021228453,0.019591837,7,7,1,0,Platyplectrum,ornatum,1,1,2,NA,NA,NA,NA,NA,aquatic,NA,0.056165207356623045,0.002742285948497844,1.86542894814378e-4,0.2857142869570804,high,rate
2,3,kern_2015phys,Figure 2c,0,1,33,24,10,24,Umax,m * sec^-1,0.523209828,0.493822073,0.022857143,0.027759065,7,7,1,0,Platyplectrum,ornatum,1,1,2,NA,NA,NA,NA,NA,aquatic,NA,0.060474316059440834,0.004624952223151785,-0.6413467959411977,0.30040448973800143,high,rate
2,3,kern_2015phys,Figure 2c,0,1,38,24,10,24,Umax,m * sec^-1,0.499805825,0.476948682,0.022857143,0.024489796,7,7,1,0,Platyplectrum,ornatum,1,1,2,NA,NA,NA,NA,NA,aquatic,NA,0.060474316059440834,0.003832461062930232,-0.4992803517255,0.2946171739149692,high,rate
2,3,kern_2015phys,Figure 2c,0,1,13,24,20,24,Umax,m * sec^-1,0.420899544,0.447021993,0.026122449,0.039183673,7,7,1,0,Platyplectrum,ornatum,1,1,2,NA,NA,NA,NA,NA,aquatic,NA,0.06911350368996791,0.0077563556636186404,0.4971609349731032,0.2945417498308332,high,rate
2,3,kern_2015phys,Figure 2c,0,1,18,24,20,24,Umax,m * sec^-1,0.368107787,0.384434317,0.013061224,0.009795918,7,7,1,0,Platyplectrum,ornatum,1,1,2,NA,NA,NA,NA,NA,aquatic,NA,0.0345567505221083,9.69544420836956e-4,0.625106450126261,0.2996699312139091,high,rate
2,3,kern_2015phys,Figure 2c,0,1,23,24,20,24,Umax,m * sec^-1,0.419805825,0.426336437,0.026122449,0.032653061,7,7,1,0,Platyplectrum,ornatum,1,1,2,NA,NA,NA,NA,NA,aquatic,NA,0.06911350368996791,0.005900459713226618,0.12461716253782924,0.28626890847139214,high,rate
2,3,kern_2015phys,Figure 2c,0,1,28.1,24,20,24,Umax,m * sec^-1,0.471503864,0.579258966,0.021228453,0.034289677,7,7,1,0,Platyplectrum,ornatum,1,1,2,NA,NA,NA,NA,NA,aquatic,NA,0.056165207356623045,0.006349581344117058,2.523344893844966,0.5131167661890522,high,rate
2,3,kern_2015phys,Figure 2c,0,1,33,24,20,24,Umax,m * sec^-1,0.523209828,0.542801664,0.022857143,0.047346939,7,7,1,0,Platyplectrum,ornatum,1,1,2,NA,NA,NA,NA,NA,aquatic,NA,0.060474316059440834,0.010302387015314591,0.4227227318626285,0.2920962324297644,high,rate
2,3,kern_2015phys,Figure 2c,0,1,38,24,20,24,Umax,m * sec^-1,0.499805825,0.538989499,0.022857143,0.027755102,7,7,1,0,Platyplectrum,ornatum,1,1,2,NA,NA,NA,NA,NA,aquatic,NA,0.060474316059440834,0.004623961842272159,0.8551301404882118,0.31183026989897816,high,rate
1,1,kern_2015phys,Figure 3a,0,1,13,24,10,24,RMR,mL O2 * h^-1,0.027659574,0.026950355,0.004255319,0.004255319,7,7,1,0,Limnodynastes,peronii,1,1,2,NA,NA,NA,NA,NA,aquatic,NA,0.011258515823248062,2.775863994920079e-4,-0.08335489469326349,0.285962429945333,neutral,rate
1,1,kern_2015phys,Figure 3a,0,1,18,24,10,24,RMR,mL O2 * h^-1,0.043971631,0.05106383,0.006737589,0.005673759,7,7,1,0,Limnodynastes,peronii,1,1,2,NA,NA,NA,NA,NA,aquatic,NA,0.017825984930164365,4.2737225758241815e-4,0.526461301290764,0.2956129107770273,neutral,rate
1,1,kern_2015phys,Figure 3a,0,1,23,24,10,24,RMR,mL O2 * h^-1,0.078723404,0.062411348,0.005673759,0.009929078,7,7,1,0,Limnodynastes,peronii,1,1,2,NA,NA,NA,NA,NA,aquatic,NA,0.01501135531291452,9.893805845931172e-4,-1.4351966523459652,0.35927819396089516,neutral,rate
1,1,kern_2015phys,Figure 3a,0,1,28,24,10,24,RMR,mL O2 * h^-1,0.109219858,0.09858156,0.005673759,0.007092199,7,7,1,0,Limnodynastes,peronii,1,1,2,NA,NA,NA,NA,NA,aquatic,NA,0.01501135531291452,5.972709188630959e-4,-0.9372870343777556,0.31708953517188027,neutral,rate
1,1,kern_2015phys,Figure 3a,0,1,33,24,10,24,RMR,mL O2 * h^-1,0.109219858,0.117021277,0.007446809,0.009574468,7,7,1,0,Limnodynastes,peronii,1,1,2,NA,NA,NA,NA,NA,aquatic,NA,0.019702404674997596,9.368541349789805e-4,0.52351339655275,0.2955023670132213,neutral,rate
1,1,kern_2015phys,Figure 3a,0,1,36,24,10,24,RMR,mL O2 * h^-1,0.121276596,0.094326241,0.004964539,0.010992908,7,7,1,0,Limnodynastes,peronii,1,1,2,NA,NA,NA,NA,NA,aquatic,NA,0.01313493556808129,0.0011525741899880498,-2.705420647161331,0.5471178885031012,neutral,rate
1,2,kern_2015phys,Figure 3b,0,1,18,24,10,24,RMR,mL O2 * h^-1,0.036879433,0.059574468,0.002836879,0.006382979,7,7,1,0,Limnodynastes,tasmaniensis,1,1,2,NA,NA,NA,NA,NA,aquatic,NA,0.007505676333581605,5.099588386390001e-4,3.993050238317119,0.8551589359187286,neutral,rate
1,2,kern_2015phys,Figure 3b,0,1,23,24,10,24,RMR,mL O2 * h^-1,0.095744681,0.086524823,0.006028369,0.005673759,7,7,1,0,Limnodynastes,tasmaniensis,1,1,2,NA,NA,NA,NA,NA,aquatic,NA,0.015949565185331135,4.2737225758241815e-4,-0.7648625273467674,0.30660766734783157,neutral,rate
1,2,kern_2015phys,Figure 3b,0,1,28.1,24,10,24,RMR,mL O2 * h^-1,0.113475177,0.108510638,0.004964539,0.004609929,7,7,1,0,Limnodynastes,tasmaniensis,1,1,2,NA,NA,NA,NA,NA,aquatic,NA,0.01313493556808129,3.129978504277891e-4,-0.5001399680356119,0.2946478567009522,neutral,rate
1,2,kern_2015phys,Figure 3b,0,1,33,24,10,24,RMR,mL O2 * h^-1,0.121276596,0.123404255,0.00212766,0.013475177,7,7,1,0,Limnodynastes,tasmaniensis,1,1,2,NA,NA,NA,NA,NA,aquatic,NA,0.005629259234499687,0.0015642339865884372,0.48201822415306345,0.2940121988719883,neutral,rate
1,2,kern_2015phys,Figure 3b,0,1,38,24,10,24,RMR,mL O2 * h^-1,0.130496454,0.160992908,0.015957447,0.008510638,7,7,1,0,Limnodynastes,tasmaniensis,1,1,2,NA,NA,NA,NA,NA,aquatic,NA,0.04221943632149372,7.851329017838272e-4,0.9559291012049037,0.31835001594751483,neutral,rate
1,3,kern_2015phys,Figure 3c,0,1,13,24,10,24,RMR,mL O2 * h^-1,0.022695035,0.029787234,0.003900709,0.003191489,7,7,1,0,Platyplectrum,ornatum,1,1,2,NA,NA,NA,NA,NA,aquatic,NA,0.010320305950831448,1.8029763409387617e-4,0.9094648694948189,0.31525451245875813,neutral,rate
1,3,kern_2015phys,Figure 3c,0,1,18,24,10,24,RMR,mL O2 * h^-1,0.023404255,0.026241135,0.005673759,0.003191489,7,7,1,0,Platyplectrum,ornatum,1,1,2,NA,NA,NA,NA,NA,aquatic,NA,0.01501135531291452,1.8029763409387617e-4,0.25012297755135265,0.2879486251392555,neutral,rate
1,3,kern_2015phys,Figure 3c,0,1,23,24,10,24,RMR,mL O2 * h^-1,0.046808511,0.046808511,0.006382979,0.005673759,7,7,1,0,Platyplectrum,ornatum,1,1,2,NA,NA,NA,NA,NA,aquatic,NA,0.016887775057747752,4.2737225758241815e-4,0,0.2857142857142857,neutral,rate
1,3,kern_2015phys,Figure 3c,0,1,28.1,24,10,24,RMR,mL O2 * h^-1,0.05106383,0.056737589,0.002836879,0.004609929,7,7,1,0,Platyplectrum,ornatum,1,1,2,NA,NA,NA,NA,NA,aquatic,NA,0.007505676333581605,3.129978504277891e-4,0.9996952078037783,0.32140680387520854,neutral,rate
1,3,kern_2015phys,Figure 3c,0,1,33,24,10,24,RMR,mL O2 * h^-1,0.070921986,0.070921986,0.002836879,0.003546099,7,7,1,0,Platyplectrum,ornatum,1,1,2,NA,NA,NA,NA,NA,aquatic,NA,0.007505676333581605,2.1116711380495784e-4,0,0.2857142857142857,neutral,rate
1,3,kern_2015phys,Figure 3c,0,1,38,24,10,24,RMR,mL O2 * h^-1,0.073758865,0.079432624,0.004255319,0.005673759,7,7,1,0,Platyplectrum,ornatum,1,1,2,NA,NA,NA,NA,NA,aquatic,NA,0.011258515823248062,4.2737225758241815e-4,0.666562565984004,0.30158234479897067,neutral,rate
1,3,kern_2015phys,Figure 3c,0,1,13,24,20,24,RMR,mL O2 * h^-1,0.022695035,0.029787234,0.003900709,0.00248227,7,7,1,0,Platyplectrum,ornatum,1,1,2,NA,NA,NA,NA,NA,aquatic,NA,0.010320305950831448,1.2367261044092618e-4,0.909538342931314,0.31525928561650857,neutral,rate
1,3,kern_2015phys,Figure 3c,0,1,18,24,20,24,RMR,mL O2 * h^-1,0.023404255,0.025531915,0.005673759,0.00212766,7,7,1,0,Platyplectrum,ornatum,1,1,2,NA,NA,NA,NA,NA,aquatic,NA,0.01501135531291452,9.814164731790014e-5,0.18760175422095718,0.2869712292209564,neutral,rate
1,3,kern_2015phys,Figure 3c,0,1,23,24,20,24,RMR,mL O2 * h^-1,0.046808511,0.035460993,0.006382979,0.004609929,7,7,1,0,Platyplectrum,ornatum,1,1,2,NA,NA,NA,NA,NA,aquatic,NA,0.016887775057747752,3.129978504277891e-4,-0.8892373948634728,0.313955112300842,neutral,rate
1,3,kern_2015phys,Figure 3c,0,1,28.1,24,20,24,RMR,mL O2 * h^-1,0.05106383,0.058156028,0.002836879,0.004609929,7,7,1,0,Platyplectrum,ornatum,1,1,2,NA,NA,NA,NA,NA,aquatic,NA,0.007505676333581605,3.129978504277891e-4,1.2496188776075159,0.3414838335454667,neutral,rate
1,3,kern_2015phys,Figure 3c,0,1,33,24,20,24,RMR,mL O2 * h^-1,0.070921986,0.087943262,0.002836879,0.00212766,7,7,1,0,Platyplectrum,ornatum,1,1,2,NA,NA,NA,NA,NA,aquatic,NA,0.007505676333581605,9.814164731790014e-5,3.0014354691264247,0.6074505312617915,neutral,rate
1,3,kern_2015phys,Figure 3c,0,1,38,24,20,24,RMR,mL O2 * h^-1,0.073758865,0.075886525,0.004255319,0.003546099,7,7,1,0,Platyplectrum,ornatum,1,1,2,NA,NA,NA,NA,NA,aquatic,NA,0.011258515823248062,2.1116711380495784e-4,0.25009704509137176,0.287948161855837,neutral,rate
3,1,kern_2015phys,Figure 4a,0,1,13,24,10,24,LDH activity,umol ^-1 * g^-1 *min^-1,9.913047805,12.94331314,3.030265335,1.08223762,10,10,1,0,Limnodynastes,peronii,1,1,2,NA,NA,NA,NA,NA,aquatic,NA,9.5825403732531509,1.1258588337814883,0.4253468092601362,0.20452299770369448,neutral,rate
3,1,kern_2015phys,Figure 4a,0,1,18,24,10,24,LDH activity,umol ^-1 * g^-1 *min^-1,12.43826892,20.23037978,2.597370287,2.597370287,10,10,1,0,Limnodynastes,peronii,1,1,2,NA,NA,NA,NA,NA,aquatic,NA,8.213606033765233,4.186015210462107,1.1447258696613083,0.23275993291679598,neutral,rate
3,1,kern_2015phys,Figure 4a,0,1,23,24,10,24,LDH activity,umol ^-1 * g^-1 *min^-1,16.69507022,31.41350185,2.813817811,3.89605543,10,10,1,0,Limnodynastes,peronii,1,1,2,NA,NA,NA,NA,NA,aquatic,NA,8.898073203509192,7.690200989390591,1.6949123527908367,0.27181819709107424,neutral,rate
3,1,kern_2015phys,Figure 4a,0,1,28.1,24,10,24,LDH activity,umol ^-1 * g^-1 *min^-1,24.41503191,43.89655301,4.328950478,4.97829305,10,10,1,0,Limnodynastes,peronii,1,1,2,NA,NA,NA,NA,NA,aquatic,NA,13.68934338855463,11.107611642339695,1.496643995722996,0.2559985812483424,neutral,rate
3,1,kern_2015phys,Figure 4a,0,1,33,24,10,24,LDH activity,umol ^-1 * g^-1 *min^-1,34.30071278,58.54159151,5.627635622,6.276978194,10,10,1,0,Limnodynastes,peronii,1,1,2,NA,NA,NA,NA,NA,aquatic,NA,17.796146407018384,15.726277322528189,1.3823621261391492,0.24777312619459874,neutral,rate
3,1,kern_2015phys,Figure 4a,0,1,38,24,10,24,LDH activity,umol ^-1 * g^-1 *min^-1,43.31935961,71.02339872,6.06053067,6.926320765,10,10,1,0,Limnodynastes,peronii,1,1,2,NA,NA,NA,NA,NA,aquatic,NA,19.165080746506302,18.22862456963752,1.4185466925174433,0.25030686797130447,neutral,rate
4,1,kern_2015phys,Figure 4b,0,1,13,24,10,24,CS activity,umol ^-1 * g^-1 *min^-1,1.151515152,1.333333333,0.181818182,0.181818182,10,10,1,0,Limnodynastes,peronii,1,1,2,NA,NA,NA,NA,NA,aquatic,NA,0.5749595751510286,0.07752753333651327,0.4244314129337504,0.2045035506071235,neutral,rate
4,1,kern_2015phys,Figure 4b,0,1,18,24,10,24,CS activity,umol ^-1 * g^-1 *min^-1,1.393939394,1.757575758,0.181818182,0.242424242,10,10,1,0,Limnodynastes,peronii,1,1,2,NA,NA,NA,NA,NA,aquatic,NA,0.5749595751510286,0.11936144548481704,0.8386634264915516,0.21758390857336377,neutral,rate
4,1,kern_2015phys,Figure 4b,0,1,23,24,10,24,CS activity,umol ^-1 * g^-1 *min^-1,1.818181818,2.242424242,0.181818182,0.181818182,10,10,1,0,Limnodynastes,peronii,1,1,2,NA,NA,NA,NA,NA,aquatic,NA,0.5749595751510286,0.07752753333651327,0.9903399674027056,0.2245193312758798,neutral,rate
4,1,kern_2015phys,Figure 4b,0,1,28.1,24,10,24,CS activity,umol ^-1 * g^-1 *min^-1,2.303030303,2.787878788,0.242424242,0.212121212,10,10,1,0,Limnodynastes,peronii,1,1,2,NA,NA,NA,NA,NA,aquatic,NA,0.7666127647598531,0.09769585765271124,0.8496732215819663,0.21804861458683694,neutral,rate
4,1,kern_2015phys,Figure 4b,0,1,33,24,10,24,CS activity,umol ^-1 * g^-1 *min^-1,2.848484848,3.515151515,0.151515152,0.212121212,10,10,1,0,Limnodynastes,peronii,1,1,2,NA,NA,NA,NA,NA,aquatic,NA,0.47913298034661633,0.09769585765271124,1.8464069842452964,0.2852304687867453,neutral,rate
4,1,kern_2015phys,Figure 4b,0,1,38,24,10,24,CS activity,umol ^-1 * g^-1 *min^-1,3.636363636,4.242424242,0.363636364,0.757575758,10,10,1,0,Limnodynastes,peronii,1,1,2,NA,NA,NA,NA,NA,aquatic,NA,1.1499191503020572,0.6593850609921328,0.6192095871165021,0.20958551281942472,neutral,rate
5,1,kern_2015phys,Figure 4c,0,1,13.01724138,24,10,24,CCO activity,umol ^-1 * g^-1 *min^-1,0.99137931,0.926724138,0.161637931,0.107758621,10,10,1,0,Limnodynastes,peronii,1,1,2,NA,NA,NA,NA,NA,aquatic,NA,0.5111440182371381,0.03537350038441982,-0.17090024461966757,0.20073017234027657,neutral,rate
5,1,kern_2015phys,Figure 4c,0,1,18.01724138,24,10,24,CCO activity,umol ^-1 * g^-1 *min^-1,1.271551724,1.422413793,0.064655172,0.129310345,10,10,1,0,Limnodynastes,peronii,1,1,2,NA,NA,NA,NA,NA,aquatic,NA,0.20445760602994412,0.04649967372843531,0.9744197048812572,0.22373734403152193,neutral,rate
5,1,kern_2015phys,Figure 4c,0,1,23.01724138,24,10,24,CCO activity,umol ^-1 * g^-1 *min^-1,1.745689655,1.853448276,0.129310345,0.086206897,10,10,1,0,Limnodynastes,peronii,1,1,2,NA,NA,NA,NA,NA,aquatic,NA,0.4089152152221659,0.02531121655581988,0.3562120059926111,0.203172174830332,neutral,rate
5,1,kern_2015phys,Figure 4c,0,1,27.93103448,24,10,24,CCO activity,umol ^-1 * g^-1 *min^-1,2.564655172,2.5,0.172413793,0.107758621,10,10,1,0,Limnodynastes,peronii,1,1,2,NA,NA,NA,NA,NA,aquatic,NA,0.5452202859087953,0.03537350038441982,-0.16026523754318941,0.20064212365911938,neutral,rate
5,1,kern_2015phys,Figure 4c,0,1,32.93103448,24,10,24,CCO activity,umol ^-1 * g^-1 *min^-1,2.952586207,2.801724138,0.172413793,0.150862069,10,10,1,0,Limnodynastes,peronii,1,1,2,NA,NA,NA,NA,NA,aquatic,NA,0.5452202859087953,0.05859628590183931,-0.37259282348461276,0.2034706353028059,neutral,rate
5,1,kern_2015phys,Figure 4c,0,1,37.93103448,24,10,24,CCO activity,umol ^-1 * g^-1 *min^-1,2.521551724,2.672413793,0.172413793,0.129310345,10,10,1,0,Limnodynastes,peronii,1,1,2,NA,NA,NA,NA,NA,aquatic,NA,0.5452202859087953,0.04649967372843531,0.37338296068431936,0.2034853708832347,neutral,rate
3,2,kern_2015phys,Figure 4d,0,1,13.0259366,24,10,24,LDH activity,umol ^-1 * g^-1 *min^-1,9.254765155,17.149502,1.315789474,3.070175439,10,10,1,0,Limnodynastes,tasmaniensis,1,1,2,NA,NA,NA,NA,NA,aquatic,NA,4.1608916591149026,5.3795356461847,1.5721377771353477,0.2617904297574018,neutral,rate
3,2,kern_2015phys,Figure 4d,0,1,18.04034582,24,10,24,LDH activity,umol ^-1 * g^-1 *min^-1,15.46842611,25.9947419,2.412280702,4.385964912,10,10,1,0,Limnodynastes,tasmaniensis,1,1,2,NA,NA,NA,NA,NA,aquatic,NA,7.6283013739898955,9.185392724813282,1.1939717566207892,0.23563921389020334,neutral,rate
3,2,kern_2015phys,Figure 4d,0,1,22.96829971,24,10,24,LDH activity,umol ^-1 * g^-1 *min^-1,22.11941959,38.78608625,3.50877193,6.140350877,10,10,1,0,Limnodynastes,tasmaniensis,1,1,2,NA,NA,NA,NA,NA,aquatic,NA,11.095711088864888,15.215624536490871,1.198619069124381,0.23591719182171494,neutral,rate
3,2,kern_2015phys,Figure 4d,0,1,27.98270893,24,10,24,LDH activity,umol ^-1 * g^-1 *min^-1,31.84185247,57.28044896,4.824561404,8.553263562,10,10,1,0,Limnodynastes,tasmaniensis,1,1,2,NA,NA,NA,NA,NA,aquatic,NA,15.256602747979791,25.01484303072961,1.175822033153588,0.23456393634123596,neutral,rate
3,2,kern_2015phys,Figure 4d,0,1,32.99711816,24,10,24,LDH activity,umol ^-1 * g^-1 *min^-1,42.44147834,74.0204257,6.140350877,10.74561404,10,10,1,0,Limnodynastes,tasmaniensis,1,1,2,NA,NA,NA,NA,NA,aquatic,NA,19.41749440393242,35.22466377114101,1.0632937793439547,0.2282648415297888,neutral,rate
3,2,kern_2015phys,Figure 4d,0,1,38.01152738,24,10,24,LDH activity,umol ^-1 * g^-1 *min^-1,51.28671824,89.44461297,7.236842105,11.84210526,10,10,1,0,Limnodynastes,tasmaniensis,1,1,2,NA,NA,NA,NA,NA,aquatic,NA,22.88490411880741,40.75147902649657,1.105702585880594,0.2305644552105758,neutral,rate
4,2,kern_2015phys,Figure 4e,0,1,13.01724138,24,10,24,CS activity,umol ^-1 * g^-1 *min^-1,2.793840911,4.40446038,0.154867257,0.650442478,10,10,1,0,Limnodynastes,tasmaniensis,1,1,2,NA,NA,NA,NA,NA,aquatic,NA,0.48973326710265513,0.5245819504480241,3.0394781351732756,0.43096068335491033,neutral,rate
4,2,kern_2015phys,Figure 4e,0,1,18.01724138,24,10,24,CS activity,umol ^-1 * g^-1 *min^-1,3.60947513,5.653722917,0.278761062,0.619469027,10,10,1,0,Limnodynastes,tasmaniensis,1,1,2,NA,NA,NA,NA,NA,aquatic,NA,0.8815198788874126,0.48756148964087515,2.748304745205144,0.3888294743129278,neutral,rate
4,2,kern_2015phys,Figure 4e,0,1,22.93103448,24,10,24,CS activity,umol ^-1 * g^-1 *min^-1,4.920506561,7.646348286,0.340707965,0.991150442,10,10,1,0,Limnodynastes,tasmaniensis,1,1,2,NA,NA,NA,NA,NA,aquatic,NA,1.0774131863609302,0.9867550744638264,2.526808113056484,0.35961898100520173,neutral,rate
4,2,kern_2015phys,Figure 4e,0,1,28.01724138,24,10,24,CS activity,umol ^-1 * g^-1 *min^-1,6.293840911,9.205345336,0.46460177,1.17699115,10,10,1,0,Limnodynastes,tasmaniensis,1,1,2,NA,NA,NA,NA,NA,aquatic,NA,1.4691997981456877,1.2769085530262558,2.0256893713943835,0.30258543573450436,neutral,rate
4,2,kern_2015phys,Figure 4e,0,1,33.01724138,24,10,24,CS activity,umol ^-1 * g^-1 *min^-1,7.790891059,12.06522734,0.557522124,1.362831858,10,10,1,0,Limnodynastes,tasmaniensis,1,1,2,NA,NA,NA,NA,NA,aquatic,NA,1.7630397577748251,1.590975221558389,2.4376319877716512,0.34855124269518933,neutral,rate
4,2,kern_2015phys,Figure 4e,0,1,38.01724138,24,10,24,CS activity,umol ^-1 * g^-1 *min^-1,9.287941206,12.69502085,0.650442478,1.579646018,10,10,1,0,Limnodynastes,tasmaniensis,1,1,2,NA,NA,NA,NA,NA,aquatic,NA,2.056879717403963,1.9853618188881037,1.6140881566608984,0.26513201443682444,neutral,rate
5,2,kern_2015phys,Figure 4f,0,1,13.01724138,24,10,24,CCO activity,umol ^-1 * g^-1 *min^-1,1.082251082,1.796536797,0.108225108,0.205627706,10,10,1,0,Limnodynastes,tasmaniensis,1,1,2,NA,NA,NA,NA,NA,aquatic,NA,0.3422378412977102,0.09324433280575965,2.727188551358173,0.38593893486647723,neutral,rate
5,2,kern_2015phys,Figure 4f,0,1,18.01724138,24,10,24,CCO activity,umol ^-1 * g^-1 *min^-1,1.558441558,2.597402597,0.140692641,0.292207792,10,10,1,0,Limnodynastes,tasmaniensis,1,1,2,NA,NA,NA,NA,NA,aquatic,NA,0.44490919558438985,0.15795656796644866,2.9803674096550243,0.422064747413345,neutral,rate
5,2,kern_2015phys,Figure 4f,0,1,23.01724138,24,10,24,CCO activity,umol ^-1 * g^-1 *min^-1,1.774891775,3.03030303,0.140692641,0.346320346,10,10,1,0,Limnodynastes,tasmaniensis,1,1,2,NA,NA,NA,NA,NA,aquatic,NA,0.44490919558438985,0.20380602095929695,3.47432625654046,0.5017735734221611,neutral,rate
5,2,kern_2015phys,Figure 4f,0,1,28.01724138,24,10,24,CCO activity,umol ^-1 * g^-1 *min^-1,2.380952381,3.852813853,0.205627706,0.38961039,10,10,1,0,Limnodynastes,tasmaniensis,1,1,2,NA,NA,NA,NA,NA,aquatic,NA,0.6502519009954715,0.2431900460527172,2.8712936135957214,0.4061081753868894,neutral,rate
5,2,kern_2015phys,Figure 4f,0,1,33.01724138,24,10,24,CCO activity,umol ^-1 * g^-1 *min^-1,2.056277056,3.722943723,0.238095238,0.38961039,10,10,1,0,Limnodynastes,tasmaniensis,1,1,2,NA,NA,NA,NA,NA,aquatic,NA,0.7529232521198734,0.2431900460527172,2.8527892861741946,0.4034601677827568,neutral,rate
5,2,kern_2015phys,Figure 4f,0,1,38.01724138,24,10,24,CCO activity,umol ^-1 * g^-1 *min^-1,0.974025974,2.683982684,0.054112554,0.476190476,10,10,1,0,Limnodynastes,tasmaniensis,1,1,2,NA,NA,NA,NA,NA,aquatic,NA,0.1711189206488551,0.32860264710872134,6.250735446048183,1.1767923404120793,neutral,rate
3,3,kern_2015phys,Figure 4g,0,1,13.0259366,24,10,24,LDH activity,umol ^-1 * g^-1 *min^-1,7.359307359,13.41991342,0.865800866,1.298701299,10,10,1,0,Platyplectrum,ornatum,1,1,2,NA,NA,NA,NA,NA,aquatic,NA,2.7379027367062365,1.4800074869994073,2.6372545642613794,0.37387779091793694,neutral,rate
3,3,kern_2015phys,Figure 4g,0,1,18.04034582,24,10,24,LDH activity,umol ^-1 * g^-1 *min^-1,12.12121212,15.15151515,1.731601732,1.515151515,10,10,1,0,Platyplectrum,ornatum,1,1,2,NA,NA,NA,NA,NA,aquatic,NA,5.475805473412473,1.865022590316197,0.7094558999369024,0.21258319184888202,neutral,rate
3,3,kern_2015phys,Figure 4g,0,1,23.05475504,24,10,24,LDH activity,umol ^-1 * g^-1 *min^-1,19.913419909999998,22.07792208,2.813852814,1.515151515,10,10,1,0,Platyplectrum,ornatum,1,1,2,NA,NA,NA,NA,NA,aquatic,NA,8.898183892714131,1.865022590316197,0.3224341707233056,0.20259909486125066,neutral,rate
3,3,kern_2015phys,Figure 4g,0,1,27.98270893,24,10,24,LDH activity,umol ^-1 * g^-1 *min^-1,29.43722944,32.9004329,3.67965368,1.515151515,10,10,1,0,Platyplectrum,ornatum,1,1,2,NA,NA,NA,NA,NA,aquatic,NA,11.636086629420367,1.865022590316197,0.39800022115559125,0.2039601044009975,neutral,rate
3,3,kern_2015phys,Figure 4g,0,1,32.99711816,24,10,24,LDH activity,umol ^-1 * g^-1 *min^-1,41.12554113,41.55844156,4.329004329,3.896103896,10,10,1,0,Platyplectrum,ornatum,1,1,2,NA,NA,NA,NA,NA,aquatic,NA,13.689513680368906,7.6903444862351416,0.03733884050060657,0.20003485472524826,neutral,rate
3,3,kern_2015phys,Figure 4g,0,1,38.01152738,24,10,24,LDH activity,umol ^-1 * g^-1 *min^-1,50.64935065,51.94805195,2.164502165,3.463203463,10,10,1,0,Platyplectrum,ornatum,1,1,2,NA,NA,NA,NA,NA,aquatic,NA,6.844756841765592,6.444912279248291,0.18708278149668792,0.20087499917831345,neutral,rate
3,3,kern_2015phys,Figure 4g,0,1,13.0259366,24,20,24,LDH activity,umol ^-1 * g^-1 *min^-1,7.359307359,7.792207792,0.865800866,1.731601732,10,10,1,0,Platyplectrum,ornatum,1,1,2,NA,NA,NA,NA,NA,aquatic,NA,2.7379027367062365,2.2786205893913842,0.16459165268059417,0.20067726030330324,neutral,rate
3,3,kern_2015phys,Figure 4g,0,1,18.04034582,24,20,24,LDH activity,umol ^-1 * g^-1 *min^-1,12.12121212,14.28571429,1.731601732,2.164502165,10,10,1,0,Platyplectrum,ornatum,1,1,2,NA,NA,NA,NA,NA,aquatic,NA,5.475805473412473,3.1844690830061078,0.46277419043634677,0.20535399878335042,neutral,rate
3,3,kern_2015phys,Figure 4g,0,1,23.05475504,24,20,24,LDH activity,umol ^-1 * g^-1 *min^-1,19.913419909999998,21.21212121,2.813852814,2.380952381,10,10,1,0,Platyplectrum,ornatum,1,1,2,NA,NA,NA,NA,NA,aquatic,NA,8.898183892714131,3.673889284921929,0.18270391036628353,0.20083451797157828,neutral,rate
3,3,kern_2015phys,Figure 4g,0,1,27.98270893,24,20,24,LDH activity,umol ^-1 * g^-1 *min^-1,29.43722944,32.03463203,3.67965368,3.03030303,10,10,1,0,Platyplectrum,ornatum,1,1,2,NA,NA,NA,NA,NA,aquatic,NA,11.636086629420367,5.275080482714733,0.2753379911675219,0.20189527523450418,neutral,rate
3,3,kern_2015phys,Figure 4g,0,1,32.99711816,24,20,24,LDH activity,umol ^-1 * g^-1 *min^-1,41.12554113,41.55844156,4.329004329,4.112554113,10,10,1,0,Platyplectrum,ornatum,1,1,2,NA,NA,NA,NA,NA,aquatic,NA,13.689513680368906,8.340026645518286,0.036574334728631475,0.20003344204902107,neutral,rate
3,3,kern_2015phys,Figure 4g,0,1,38.01152738,24,20,24,LDH activity,umol ^-1 * g^-1 *min^-1,50.64935065,48.91774892,2.164502165,2.813852814,10,10,1,0,Platyplectrum,ornatum,1,1,2,NA,NA,NA,NA,NA,aquatic,NA,6.844756841765592,4.720109406302925,-0.2820554642897629,0.20198888212339286,neutral,rate
4,3,kern_2015phys,Figure 4h,0,1,13.01724138,24,10,24,CS activity,umol ^-1 * g^-1 *min^-1,2.666666667,1.939393939,0.181818182,0.242424242,10,10,1,0,Platyplectrum,ornatum,1,1,2,NA,NA,NA,NA,NA,aquatic,NA,0.5749595751510286,0.11936144548481704,-1.6773268529831031,0.27033563429345503,neutral,rate
4,3,kern_2015phys,Figure 4h,0,1,18.01724138,24,10,24,CS activity,umol ^-1 * g^-1 *min^-1,3.515151515,2.848484848,0.181818182,0.212121212,10,10,1,0,Platyplectrum,ornatum,1,1,2,NA,NA,NA,NA,NA,aquatic,NA,0.5749595751510286,0.09769585765271124,-1.5481425071474473,0.25991863056091963,neutral,rate
4,3,kern_2015phys,Figure 4h,0,1,23.01724138,24,10,24,CS activity,umol ^-1 * g^-1 *min^-1,4.727272727,3.696969697,0.212121212,0.242424242,10,10,1,0,Platyplectrum,ornatum,1,1,2,NA,NA,NA,NA,NA,aquatic,NA,0.6707861699554408,0.11936144548481704,-2.0480097467988836,0.3048585980745807,neutral,rate
4,3,kern_2015phys,Figure 4h,0,1,28.01724138,24,10,24,CS activity,umol ^-1 * g^-1 *min^-1,5.878787879,5.03030303,0.212121212,0.242424242,10,10,1,0,Platyplectrum,ornatum,1,1,2,NA,NA,NA,NA,NA,aquatic,NA,0.6707861699554408,0.11936144548481704,-1.686596263589732,0.27111517390887113,neutral,rate
4,3,kern_2015phys,Figure 4h,0,1,33.01724138,24,10,24,CS activity,umol ^-1 * g^-1 *min^-1,7.696969697,6.545454545,0.363636364,0.363636364,10,10,1,0,Platyplectrum,ornatum,1,1,2,NA,NA,NA,NA,NA,aquatic,NA,1.1499191503020572,0.21928097820365866,-1.3321908845899118,0.2443683138246113,neutral,rate
4,3,kern_2015phys,Figure 4h,0,1,38.01724138,24,10,24,CS activity,umol ^-1 * g^-1 *min^-1,9.090909091,8.666666667,0.424242424,0.575757576,10,10,1,0,Platyplectrum,ornatum,1,1,2,NA,NA,NA,NA,NA,aquatic,NA,1.3415723399108817,0.43687731246220235,-0.4072243731863635,0.20414579225292567,neutral,rate
4,3,kern_2015phys,Figure 4h,0,1,13.01724138,24,20,24,CS activity,umol ^-1 * g^-1 *min^-1,2.666666667,0.909090909,0.181818182,0.121212121,10,10,1,0,Platyplectrum,ornatum,1,1,2,NA,NA,NA,NA,NA,aquatic,NA,0.5749595751510286,0.04220064375727127,-4.12886094209385,0.6261873169787028,neutral,rate
4,3,kern_2015phys,Figure 4h,0,1,18.01724138,24,20,24,CS activity,umol ^-1 * g^-1 *min^-1,3.515151515,1.272727273,0.181818182,0.121212121,10,10,1,0,Platyplectrum,ornatum,1,1,2,NA,NA,NA,NA,NA,aquatic,NA,0.5749595751510286,0.04220064375727127,-5.267857061782601,0.8937579505843203,neutral,rate
4,3,kern_2015phys,Figure 4h,0,1,23.01724138,24,20,24,CS activity,umol ^-1 * g^-1 *min^-1,4.727272727,1.696969697,0.212121212,0.121212121,10,10,1,0,Platyplectrum,ornatum,1,1,2,NA,NA,NA,NA,NA,aquatic,NA,0.6707861699554408,0.04220064375727127,-6.106106711120889,1.132113479189889,neutral,rate
4,3,kern_2015phys,Figure 4h,0,1,28.01724138,24,20,24,CS activity,umol ^-1 * g^-1 *min^-1,5.878787879,2.363636364,0.212121212,0.090909091,10,10,1,0,Platyplectrum,ornatum,1,1,2,NA,NA,NA,NA,NA,aquatic,NA,0.6707861699554408,0.027410122275457333,-7.091169375206218,1.4571170776965634,neutral,rate
4,3,kern_2015phys,Figure 4h,0,1,33.01724138,24,20,24,CS activity,umol ^-1 * g^-1 *min^-1,7.696969697,3.03030303,0.363636364,0.121212121,10,10,1,0,Platyplectrum,ornatum,1,1,2,NA,NA,NA,NA,NA,aquatic,NA,1.1499191503020572,0.04220064375727127,-5.492466382557556,0.9541796740881221,neutral,rate
4,3,kern_2015phys,Figure 4h,0,1,38.01724138,24,20,24,CS activity,umol ^-1 * g^-1 *min^-1,9.090909091,4.181818182,0.424242424,0.333333333,10,10,1,0,Platyplectrum,ornatum,1,1,2,NA,NA,NA,NA,NA,aquatic,NA,1.3415723399108817,0.19245008944120012,-4.905508349551346,0.8016003041879494,neutral,rate
5,3,kern_2015phys,Figure 4i,0,1,13.01724138,24,10,24,CCO activity,umol ^-1 * g^-1 *min^-1,1.426394487,1.686134746,0.097402597,0.162337662,10,10,1,0,Platyplectrum,ornatum,1,1,2,NA,NA,NA,NA,NA,aquatic,NA,0.3080140565354836,0.06540770791487115,1.117149482466188,0.2312005741543618,neutral,rate
5,3,kern_2015phys,Figure 4i,0,1,18.01724138,24,10,24,CCO activity,umol ^-1 * g^-1 *min^-1,2.115427676,2.613263174,0.097402597,0.313852814,10,10,1,0,Platyplectrum,ornatum,1,1,2,NA,NA,NA,NA,NA,aquatic,NA,0.3080140565354836,0.17582840655441975,1.9010167726271305,0.2903466192452418,neutral,rate
5,3,kern_2015phys,Figure 4i,0,1,23.01724138,24,10,24,CCO activity,umol ^-1 * g^-1 *min^-1,2.674590735,2.501430562,0.25974026,0.194836294,10,10,1,0,Platyplectrum,ornatum,1,1,2,NA,NA,NA,NA,NA,aquatic,NA,0.8213708216443265,0.08600125529002806,-0.283962696236475,0.2020158703213472,neutral,rate
5,3,kern_2015phys,Figure 4i,0,1,28.01724138,24,10,24,CCO activity,umol ^-1 * g^-1 *min^-1,3.147173708,3.341978902,0.151515152,0.12987013,10,10,1,0,Platyplectrum,ornatum,1,1,2,NA,NA,NA,NA,NA,aquatic,NA,0.47913298034661633,0.046801946184257925,0.5480277789882978,0.2075083611635712,neutral,rate
5,3,kern_2015phys,Figure 4i,0,1,33.01724138,24,10,24,CCO activity,umol ^-1 * g^-1 *min^-1,4.00936707,3.706398965,0.324675325,0.205627706,10,10,1,0,Platyplectrum,ornatum,1,1,2,NA,NA,NA,NA,NA,aquatic,NA,1.0267135270554082,0.09324433280575965,-0.39800098050058014,0.2039601195119856,neutral,rate
5,3,kern_2015phys,Figure 4i,0,1,38.01724138,24,10,24,CCO activity,umol ^-1 * g^-1 *min^-1,4.113984674,3.875889436,0.367965368,0.183951585,10,10,1,0,Platyplectrum,ornatum,1,1,2,NA,NA,NA,NA,NA,aquatic,NA,1.1636086629420368,0.07889605743673928,-0.2764827018154997,0.20191106711007997,neutral,rate
5,3,kern_2015phys,Figure 4i,0,1,13.01724138,24,20,24,CCO activity,umol ^-1 * g^-1 *min^-1,1.426394487,1.3398144,0.097402597,0.086580087,10,10,1,0,Platyplectrum,ornatum,1,1,2,NA,NA,NA,NA,NA,aquatic,NA,0.3080140565354836,0.02547575284059583,-0.3793911956714651,0.2035984419838256,neutral,rate
5,3,kern_2015phys,Figure 4i,0,1,18.01724138,24,20,24,CCO activity,umol ^-1 * g^-1 *min^-1,2.115427676,2.050492611,0.097402597,0.151515152,10,10,1,0,Platyplectrum,ornatum,1,1,2,NA,NA,NA,NA,NA,aquatic,NA,0.3080140565354836,0.058977193022599836,-0.28042075225442326,0.20196589495737344,neutral,rate
5,3,kern_2015phys,Figure 4i,0,1,23.01724138,24,20,24,CCO activity,umol ^-1 * g^-1 *min^-1,2.674590735,2.436495497,0.25974026,0.162337662,10,10,1,0,Platyplectrum,ornatum,1,1,2,NA,NA,NA,NA,NA,aquatic,NA,0.8213708216443265,0.06540770791487115,-0.39134426841960274,0.20382875841062187,neutral,rate
5,3,kern_2015phys,Figure 4i,0,1,28.01724138,24,20,24,CCO activity,umol ^-1 * g^-1 *min^-1,3.147173708,3.428558989,0.151515152,0.194805195,10,10,1,0,Platyplectrum,ornatum,1,1,2,NA,NA,NA,NA,NA,aquatic,NA,0.47913298034661633,0.08598066534047256,0.7828580997805462,0.2153216701098002,neutral,rate
5,3,kern_2015phys,Figure 4i,0,1,33.01724138,24,20,24,CCO activity,umol ^-1 * g^-1 *min^-1,4.00936707,4.225817286,0.324675325,0.324675325,10,10,1,0,Platyplectrum,ornatum,1,1,2,NA,NA,NA,NA,NA,aquatic,NA,1.0267135270554082,0.185000936088602,0.28098991202826834,0.20197388326654137,neutral,rate
5,3,kern_2015phys,Figure 4i,0,1,38.01724138,24,20,24,CCO activity,umol ^-1 * g^-1 *min^-1,4.113984674,3.226538787,0.367965368,0.292207792,10,10,1,0,Platyplectrum,ornatum,1,1,2,NA,NA,NA,NA,NA,aquatic,NA,1.1636086629420368,0.15795656796644866,-1.02350533628539,0.22618907933511676,neutral,rate
1,1,kern2014,Figure 3,0,1,42.15384615,24,14,24,CT max,C,42.15384615,42.33566434,0.125874126,0.129370629,8,8,1,0,Platyplectrum,ornatum,1,1,2,UV exposure,UV absence,NA,NA,NA,aquatic,NA,0.35602579228211967,0.046532194479359155,0.6769504120649036,0.2643206831373388,high,trait
1,1,kern2014,Figure 3,0,1,41.3986014,24,14,24,CT max,C,41.3986014,43.00699301,0.122377622,0.195804196,8,8,1,0,Platyplectrum,ornatum,1,1,2,UV exposure,UV presence,NA,NA,NA,aquatic,NA,0.34613618552673614,0.08664290228607537,6.025973118896787,1.3847610009270834,high,trait
1,1,kern2014,Figure 4,0,1,18,24,14,24,Oxygen consumption,mL O2 * h^-1,0.040901147,0.03928731,0.00484151,0.006455346,8,8,1,0,Platyplectrum,ornatum,1,1,2,UV exposure,UV absence,NA,NA,NA,aquatic,NA,0.013693858208729929,5.186558580265837e-4,-0.15743510590806978,0.2507745566428839,neutral,rate
1,1,kern2014,Figure 4,0,1,23,24,14,24,Oxygen consumption,mL O2 * h^-1,0.074740804,0.070302753,0.004740645,0.006858805,8,8,1,0,Platyplectrum,ornatum,1,1,2,UV exposure,UV absence,NA,NA,NA,aquatic,NA,0.013408568906792403,5.680318448124612e-4,-0.4420786323254403,0.25610729741121036,neutral,rate
1,1,kern2014,Figure 4,0,1,28,24,14,24,Oxygen consumption,mL O2 * h^-1,0.094460028,0.083163172,0.005446698,0.00655637,8,8,1,0,Platyplectrum,ornatum,1,1,2,UV exposure,UV absence,NA,NA,NA,aquatic,NA,0.015405588363500825,5.30878554256583e-4,-0.9797169285251397,0.2799951643762104,neutral,rate
1,1,kern2014,Figure 4,0,1,33,24,14,24,Oxygen consumption,mL O2 * h^-1,0.102478937,0.114582711,0.005648587,0.005850157,8,8,1,0,Platyplectrum,ornatum,1,1,2,UV exposure,UV absence,NA,NA,NA,aquatic,NA,0.015976616687288708,4.4745697472504974e-4,1.0123827738849682,0.28202871502684446,neutral,rate
1,1,kern2014,Figure 4,0,1,38,24,14,24,Oxygen consumption,mL O2 * h^-1,0.104848782,0.093149104,0.017752202,0.010287571,8,8,1,0,Platyplectrum,ornatum,1,1,2,UV exposure,UV absence,NA,NA,NA,aquatic,NA,0.05021080966077358,0.0010434442935218125,-0.3114310755965963,0.25303091608897665,neutral,rate
1,1,kern2014,Figure 4,0,1,18,24,14,24,Oxygen consumption,mL O2 * h^-1,0.032831964,0.042514347,0.003429403,0.006051728,8,8,1,0,Platyplectrum,ornatum,1,1,2,UV exposure,UV presence,NA,NA,NA,aquatic,NA,0.00969981646688596,4.707811875603882e-4,1.332867066543844,0.3055167067836623,neutral,rate
1,1,kern2014,Figure 4,0,1,23,24,14,24,Oxygen consumption,mL O2 * h^-1,0.06747854,0.070302753,0.008069183,0.008069183,8,8,1,0,Platyplectrum,ornatum,1,1,2,UV exposure,UV presence,NA,NA,NA,aquatic,NA,0.02282309607174084,7.248436645439232e-4,0.16534192625092345,0.2508543110180114,neutral,rate
1,1,kern2014,Figure 4,0,1,28,24,14,24,Oxygen consumption,mL O2 * h^-1,0.086390845,0.083163172,0.006455346,0.005547563,8,8,1,0,Platyplectrum,ornatum,1,1,2,UV exposure,UV presence,NA,NA,NA,aquatic,NA,0.01825847572602182,4.131933890950587e-4,-0.23626144213596356,0.25174435840750514,neutral,rate
1,1,kern2014,Figure 4,0,1,33,24,14,24,Oxygen consumption,mL O2 * h^-1,0.091182082,0.106916988,0.008069183,0.007867453,8,8,1,0,Platyplectrum,ornatum,1,1,2,UV exposure,UV presence,NA,NA,NA,aquatic,NA,0.02282309607174084,6.978325703874687e-4,0.921224971974166,0.2765204827809001,neutral,rate
1,1,kern2014,Figure 4,0,1,38,24,14,24,Oxygen consumption,mL O2 * h^-1,0.101621109,0.102024568,0.009682701,0.010489937,8,8,1,0,Platyplectrum,ornatum,1,1,2,UV exposure,UV presence,NA,NA,NA,aquatic,NA,0.027386814149207062,0.0010743834750897856,0.01967899797183242,0.2500121019675367,neutral,rate
2,1,kern2014,Figure 5,0,1,18,24,14,24,Maximum burst swim speed,m*s^-1,0.359560043,0.33798979,0.037254089,0.023856209,8,8,1,0,Platyplectrum,ornatum,1,1,2,UV exposure,UV absence,NA,NA,NA,aquatic,NA,0.10537047583530866,0.003684700101815566,-0.2734953481394648,0.2523374907954352,high,rate
2,1,kern2014,Figure 5,0,1,23,24,14,24,Maximum burst swim speed,m*s^-1,0.372794524,0.387174422,0.023529005,0.015687087,8,8,1,0,Platyplectrum,ornatum,1,1,2,UV exposure,UV absence,NA,NA,NA,aquatic,NA,0.06655007596028874,0.00196477786923945,0.288733436356653,0.25260521866469754,high,rate
2,1,kern2014,Figure 5,0,1,28,24,14,24,Maximum burst swim speed,m*s^-1,0.33243586,0.447466914,0.022875817,0.034640523,8,8,1,0,Platyplectrum,ornatum,1,1,2,UV exposure,UV absence,NA,NA,NA,aquatic,NA,0.06470258130353002,0.006447281912710787,2.364977787423032,0.4247849979688857,high,rate
2,1,kern2014,Figure 5,0,1,33,24,14,24,Maximum burst swim speed,m*s^-1,0.424101714,0.465931779,0.043137255,0.033334146,8,8,1,0,Platyplectrum,ornatum,1,1,2,UV exposure,UV absence,NA,NA,NA,aquatic,NA,0.12201058212909321,0.006086028753790864,0.45775219870872264,0.25654803360695844,high,rate
2,1,kern2014,Figure 5,0,1,38,24,14,24,Maximum burst swim speed,m*s^-1,0.327532273,0.408579651,0.030718548,0.030065359,8,8,1,0,Platyplectrum,ornatum,1,1,2,UV exposure,UV absence,NA,NA,NA,aquatic,NA,0.08688517439601783,0.005213142434376774,1.2447782019871754,0.29842102412945076,high,rate
2,1,kern2014,Figure 5,0,1,18,24,14,24,Maximum burst swim speed,m*s^-1,0.360867232,0.303350893,0.028104575,0.016340682,8,8,1,0,Platyplectrum,ornatum,1,1,2,UV exposure,UV presence,NA,NA,NA,aquatic,NA,0.07949174225946366,0.0020888404438344004,-0.9669373761883961,0.2792177465459406,high,rate
2,1,kern2014,Figure 5,0,1,23,24,14,24,Maximum burst swim speed,m*s^-1,0.380636036,0.398939941,0.026142978,0.032679739,8,8,1,0,Platyplectrum,ornatum,1,1,2,UV exposure,UV presence,NA,NA,NA,aquatic,NA,0.07394350809684291,0.005907692325135033,0.3298686477544242,0.25340041639910416,high,rate
2,1,kern2014,Figure 5,0,1,28,24,14,24,Maximum burst swim speed,m*s^-1,0.384723442,0.410867232,0.025816993,0.020915033,8,8,1,0,Platyplectrum,ornatum,1,1,2,UV exposure,UV presence,NA,NA,NA,aquatic,NA,0.07302148328058253,0.0030247384791463544,0.47821659797684374,0.25714659733064205,high,rate
2,1,kern2014,Figure 5,0,1,33,24,14,24,Maximum burst swim speed,m*s^-1,0.369199753,0.420180145,0.026144604,0.032026144,8,8,1,0,Platyplectrum,ornatum,1,1,2,UV exposure,UV presence,NA,NA,NA,aquatic,NA,0.07394810711934774,0.005731350626397613,0.9188711565870527,0.27638513132523834,high,rate
2,1,kern2014,Figure 5,0,1,38,24,14,24,Maximum burst swim speed,m*s^-1,0.451716906,0.417728352,0.056862745,0.023529005,8,8,1,0,Platyplectrum,ornatum,1,1,2,UV exposure,UV presence,NA,NA,NA,aquatic,NA,0.16083213034552582,0.0036091534144586284,-0.2824421895141421,0.2524929247005482,high,rate
1,1,rodgers2018,Figure 2,0,1,11,15,4,24,Ucrit,BL*s^-1,2.76923077,3.26720648,0.25506073,0.34615385,5,5,1,0,Acipenser,medirostris,1,1,2,NA,NA,NA,NA,NA,aquatic,NA,0.57033313067072,0.2036590668070473,1.0497335065752849,0.4550970217413422,high,rate
1,1,rodgers2018,Figure 2,0,1,13,15,4,24,Ucrit,BL*s^-1,2.96356275,3.15789474,0.51012146,0.47368421,5,5,1,0,Acipenser,medirostris,1,1,2,NA,NA,NA,NA,NA,aquatic,NA,1.14066626134144,0.32601183179902415,0.2091197590055472,0.4021865536803269,high,rate
1,1,rodgers2018,Figure 2,0,1,15,15,4,24,Ucrit,BL*s^-1,4.61538462,3.23076923,0.41295547,0.69230769,5,5,1,0,Acipenser,medirostris,1,1,2,NA,NA,NA,NA,NA,aquatic,NA,0.9233965026003751,0.5760348162767946,-1.6241489062191206,0.5318929834786383,high,rate
1,1,rodgers2018,Figure 2,0,1,17,15,4,24,Ucrit,BL*s^-1,4.22672065,3.5465587,0.3340081,0.5951417,5,5,1,0,Acipenser,medirostris,1,1,2,NA,NA,NA,NA,NA,aquatic,NA,0.7468648166355475,0.4591246093068458,-0.9904247658414201,0.4490470608396016,high,rate
1,1,rodgers2018,Figure 2,0,1,21,15,4,24,Ucrit,BL*s^-1,3.76518219,4.54251012,0.40080972,0.21862348,5,5,1,0,Acipenser,medirostris,1,1,2,NA,NA,NA,NA,NA,aquatic,NA,0.896237779962657,0.10222219553788064,1.1001057067078481,0.46051162829655873,high,rate
1,1,rodgers2018,Figure 2,0,1,11,15,10,24,Ucrit,BL*s^-1,2.76923077,3.88663968,0.25506073,0.22469636,5,5,1,0,Acipenser,medirostris,1,1,2,NA,NA,NA,NA,NA,aquatic,NA,0.57033313067072,0.10651090028794569,2.4586649186732514,0.7022516591157273,high,rate
1,1,rodgers2018,Figure 2,0,1,13,15,10,24,Ucrit,BL*s^-1,2.96356275,3.78947368,0.51012146,0.37651822,5,5,1,0,Acipenser,medirostris,1,1,2,NA,NA,NA,NA,NA,aquatic,NA,1.14066626134144,0.23103564806745594,0.9059500128408376,0.4410372712883157,high,rate
1,1,rodgers2018,Figure 2,0,1,15,15,10,24,Ucrit,BL*s^-1,4.61538462,3.08502024,0.41295547,0.6437247,5,5,1,0,Acipenser,medirostris,1,1,2,NA,NA,NA,NA,NA,aquatic,NA,0.9233965026003751,0.5164761368574438,-1.846547797348923,0.570486938394708,high,rate
1,1,rodgers2018,Figure 2,0,1,17,15,10,24,Ucrit,BL*s^-1,4.22672065,3.66801619,0.3340081,0.31578947,5,5,1,0,Acipenser,medirostris,1,1,2,NA,NA,NA,NA,NA,aquatic,NA,0.7468648166355475,0.17745836119416802,-0.9291257697502396,0.4431637348006988,high,rate
1,1,rodgers2018,Figure 2,0,1,21,15,10,24,Ucrit,BL*s^-1,3.76518219,3.86234818,0.40080972,0.40080972,5,5,1,0,Acipenser,medirostris,1,1,2,NA,NA,NA,NA,NA,aquatic,NA,0.896237779962657,0.25375076927304896,0.13317007390612493,0.4008867134292082,high,rate
1,1,hoskins2020,Table 1,0,1,-1.17,10,10,24,CTmin,C,-1.17,-1.81,0.44,0.82,55,46,0,1,Lepidocyrtus,sp.,1,2,1,NA,NA,NA,NA,NA,terrestrial,NA,0.44,0.82,-0.9904254342338393,0.04477709980856757,low,trait
1,1,hoskins2020,Table 1,0,1,-1.63,15,10,24,CTmin,C,-1.63,-0.82,0.41,0.37,42,49,0,1,Lepidocyrtus,sp.,1,2,1,NA,NA,NA,NA,NA,terrestrial,NA,0.41,0.37,2.0649846551046505,0.0676471465573446,low,trait
1,1,hoskins2020,Table 1,0,1,-1.3,20,10,24,CTmin,C,-1.3,-1.12,0.52,0.25,51,42,0,1,Lepidocyrtus,sp.,1,2,1,NA,NA,NA,NA,NA,terrestrial,NA,0.52,0.25,0.42462995828708516,0.044386778782665226,low,trait
1,1,hoskins2020,Table 1,0,1,-0.52,25,10,24,CTmin,C,-0.52,-0.18,0.53,0.49,47,44,0,1,Lepidocyrtus,sp.,1,2,1,NA,NA,NA,NA,NA,terrestrial,NA,0.53,0.49,0.6596524415111409,0.04639475497520418,low,trait
1,1,hoskins2020,Table 1,0,1,36.78,10,10,24,CTmax,C,36.78,36.53,0.67,0.37,54,43,0,1,Lepidocyrtus,sp.,1,2,1,NA,NA,NA,NA,NA,terrestrial,NA,0.67,0.37,-0.4447670924855571,0.042794011681069034,high,trait
1,1,hoskins2020,Table 1,0,1,36.83,15,10,24,CTmax,C,36.83,36.76,0.34,0.56,40,44,0,1,Lepidocyrtus,sp.,1,2,1,NA,NA,NA,NA,NA,terrestrial,NA,0.34,0.56,-0.14806280230412627,0.04785776435480934,high,trait
1,1,hoskins2020,Table 1,0,1,37.34,20,10,24,CTmax,C,37.34,37.21,0.54,0.54,44,44,0,1,Lepidocyrtus,sp.,1,2,1,NA,NA,NA,NA,NA,terrestrial,NA,0.54,0.54,-0.23863411071349852,0.04577810362952286,high,trait
1,1,hoskins2020,Table 1,0,1,36.6,25,10,24,CTmax,C,36.6,37.23,0.84,0.52,58,43,0,1,Lepidocyrtus,sp.,1,2,1,NA,NA,NA,NA,NA,terrestrial,NA,0.84,0.52,0.8662073885378656,0.04421162514481136,high,trait
1,1,hoskins2020,Table 1,0,1,35.9,25,10,24,ULT50,C,35.9,35.21,0.29,0.9,3,3,0,1,Lepidocyrtus,sp.,1,2,1,NA,NA,NA,NA,NA,terrestrial,NA,0.29,0.9,-0.8234004549378272,0.7231656924326517,high,trait
1,1,hoskins2020,Table 1,0,1,34.69,25,10,24,ULT50,C,34.69,35.31,0.56,0.32,3,3,0,1,Lepidocyrtus,sp.,1,2,1,NA,NA,NA,NA,NA,terrestrial,NA,0.56,0.32,1.084676131426809,0.7647101925072524,high,trait
1,1,hoskins2020,Table 1,0,1,34.88,25,10,24,ULT50,C,34.88,35.38,0.91,0.34,3,3,0,1,Lepidocyrtus,sp.,1,2,1,NA,NA,NA,NA,NA,terrestrial,NA,0.91,0.34,0.5807752308742732,0.6947749890664221,high,trait
1,1,hoskins2020,Table 1,0,1,35.73,25,10,24,ULT50,C,35.73,35.91,0.28,0.51,3,3,0,1,Lepidocyrtus,sp.,1,2,1,NA,NA,NA,NA,NA,terrestrial,NA,0.28,0.51,0.34909869706675356,0.6768224916911421,high,trait
1,2,hoskins2020,Table 1,0,1,-0.55,10,10,24,CTmin,C,-0.55,-0.03,0.44,0.34,45,52,0,1,Sinella,sp.,1,2,1,NA,NA,NA,NA,NA,terrestrial,NA,0.44,0.34,1.324402509047543,0.05049444509201943,low,trait
1,2,hoskins2020,Table 1,0,1,0.27,15,10,24,CTmin,C,0.27,0.43,0.26,0.47,46,54,0,1,Sinella,sp.,1,2,1,NA,NA,NA,NA,NA,terrestrial,NA,0.26,0.47,0.40925591063427835,0.041095100955246586,low,trait
1,2,hoskins2020,Table 1,0,1,0.01,20,10,24,CTmin,C,0.01,0.39,0.25,0.42,48,56,0,1,Sinella,sp.,1,2,1,NA,NA,NA,NA,NA,terrestrial,NA,0.25,0.42,1.0715300813403728,0.04421055655209785,low,trait
1,2,hoskins2020,Table 1,0,1,1.16,25,10,24,CTmin,C,1.16,0.88,0.57,0.47,40,46,0,1,Sinella,sp.,1,2,1,NA,NA,NA,NA,NA,terrestrial,NA,0.57,0.47,-0.5348393424250195,0.04840222998248975,low,trait
1,2,hoskins2020,Table 1,0,1,1.64,30,10,24,CTmin,C,1.64,2.14,0.37,0.55,51,51,0,1,Sinella,sp.,1,2,1,NA,NA,NA,NA,NA,terrestrial,NA,0.37,0.55,1.0587072535527382,0.0447101031800254,low,trait
1,2,hoskins2020,Table 1,0,1,40.52,10,10,24,CTmax,C,40.52,39.4,0.33,0.16,45,48,0,1,Sinella,sp.,1,2,1,NA,NA,NA,NA,NA,terrestrial,NA,0.33,0.16,-4.327584726265651,0.14374367148570474,high,trait
1,2,hoskins2020,Table 1,0,1,39.19,15,10,24,CTmax,C,39.19,40.05,0.45,0.43,45,51,0,1,Sinella,sp.,1,2,1,NA,NA,NA,NA,NA,terrestrial,NA,0.45,0.43,1.941218238845752,0.061456774999203184,high,trait
1,2,hoskins2020,Table 1,0,1,40.15,20,10,24,CTmax,C,40.15,39.99,0.43,0.35,69,52,0,1,Sinella,sp.,1,2,1,NA,NA,NA,NA,NA,terrestrial,NA,0.43,0.35,-0.39978177861880343,0.034383958682534556,high,trait
1,2,hoskins2020,Table 1,0,1,40.33,25,10,24,CTmax,C,40.33,39.77,0.26,0.62,47,49,0,1,Sinella,sp.,1,2,1,NA,NA,NA,NA,NA,terrestrial,NA,0.26,0.62,-1.1599242549423525,0.04869217712042224,high,trait
1,2,hoskins2020,Table 1,0,1,39.96,30,10,24,CTmax,C,39.96,40.33,0.42,0.78,48,44,0,1,Sinella,sp.,1,2,1,NA,NA,NA,NA,NA,terrestrial,NA,0.42,0.78,0.593020361819582,0.04547187317763122,high,trait
1,2,hoskins2020,Table 1,0,1,37.21,10,10,24,ULT50,C,37.21,37.75,0.36,0.65,3,3,0,1,Sinella,sp.,1,2,1,NA,NA,NA,NA,NA,terrestrial,NA,0.36,0.65,0.8200492685407498,0.7227067335695182,high,trait
1,2,hoskins2020,Table 1,0,1,37.97,15,10,24,ULT50,C,37.97,37.71,0.51,0.62,3,3,0,1,Sinella,sp.,1,2,1,NA,NA,NA,NA,NA,terrestrial,NA,0.51,0.62,-0.36544072719877735,0.6777955770912976,high,trait
1,2,hoskins2020,Table 1,0,1,37.94,20,10,24,ULT50,C,37.94,38.01,0.18,0.14,3,3,0,1,Sinella,sp.,1,2,1,NA,NA,NA,NA,NA,terrestrial,NA,0.18,0.14,0.3463788990620383,0.6766648618096192,high,trait
1,2,hoskins2020,Table 1,0,1,38.24,25,10,24,ULT50,C,38.24,38.56,0.21,0.36,3,3,0,1,Sinella,sp.,1,2,1,NA,NA,NA,NA,NA,terrestrial,NA,0.21,0.36,0.8663734371115132,0.729216911044368,high,trait
1,3,hoskins2020,Table 1,0,1,-3.16,10,10,24,CTmin,C,-3.16,-3.08,1.17,1.62,48,49,0,1,Cryptopygus,sp.,1,2,1,NA,NA,NA,NA,NA,terrestrial,NA,1.17,1.62,0.05607492003579694,0.04125770482883028,low,trait
1,3,hoskins2020,Table 1,0,1,-1.92,15,10,24,CTmin,C,-1.92,-2.56,0.94,0.83,48,49,0,1,Cryptopygus,sp.,1,2,1,NA,NA,NA,NA,NA,terrestrial,NA,0.94,0.83,-0.7165226930426943,0.04388791293701654,low,trait
1,3,hoskins2020,Table 1,0,1,0.33,20,10,24,CTmin,C,0.33,-1.3,1.36,0.51,46,45,0,1,Cryptopygus,sp.,1,2,1,NA,NA,NA,NA,NA,terrestrial,NA,1.36,0.51,-1.5670191647952394,0.05745338047478269,low,trait
1,3,hoskins2020,Table 1,0,1,-0.88,25,10,24,CTmin,C,-0.88,-0.22,0.54,0.75,45,54,0,1,Cryptopygus,sp.,1,2,1,NA,NA,NA,NA,NA,terrestrial,NA,0.54,0.75,0.9877004038326431,0.045667771486857744,low,trait
1,3,hoskins2020,Table 1,0,1,-0.32,30,10,24,CTmin,C,-0.32,0.4,0.35,0.6,50,47,0,1,Cryptopygus,sp.,1,2,1,NA,NA,NA,NA,NA,terrestrial,NA,0.35,0.6,1.4657091427073508,0.05235032404888661,low,trait
1,3,hoskins2020,Table 1,0,1,40.89,10,10,24,CTmax,C,40.89,41.55,0.7,0.72,49,49,0,1,Cryptopygus,sp.,1,2,1,NA,NA,NA,NA,NA,terrestrial,NA,0.7,0.72,0.9222015373755511,0.0451553860996828,high,trait
1,3,hoskins2020,Table 1,0,1,41.41,15,10,24,CTmax,C,41.41,40.87,0.71,0.4,48,48,0,1,Cryptopygus,sp.,1,2,1,NA,NA,NA,NA,NA,terrestrial,NA,0.71,0.4,-0.9296128733303359,0.04616760465761189,high,trait
1,3,hoskins2020,Table 1,0,1,41.58,20,10,24,CTmax,C,41.58,41.25,0.67,0.57,49,49,0,1,Cryptopygus,sp.,1,2,1,NA,NA,NA,NA,NA,terrestrial,NA,0.67,0.57,-0.5263782089637772,0.042229969484040376,high,trait
1,3,hoskins2020,Table 1,0,1,40.91,25,10,24,CTmax,C,40.91,42.02,0.69,0.45,43,43,0,1,Cryptopygus,sp.,1,2,1,NA,NA,NA,NA,NA,terrestrial,NA,0.69,0.45,1.8885233890133752,0.06724721273750328,high,trait
1,3,hoskins2020,Table 1,0,1,41.65,30,10,24,CTmax,C,41.65,42.8,0.39,0.8,55,55,0,1,Cryptopygus,sp.,1,2,1,NA,NA,NA,NA,NA,terrestrial,NA,0.39,0.8,1.8146302682109923,0.051331286410488626,high,trait
1,3,hoskins2020,Table 1,0,1,39.16,10,10,24,ULT50,C,39.16,38.22,0.8,0.43,3,3,0,1,Cryptopygus,sp.,1,2,1,NA,NA,NA,NA,NA,terrestrial,NA,0.8,0.43,-1.1678370818677617,0.7803202874821173,high,trait
1,3,hoskins2020,Table 1,0,1,38.51,15,10,24,ULT50,C,38.51,39.03,0.25,0.25,3,3,0,1,Cryptopygus,sp.,1,2,1,NA,NA,NA,NA,NA,terrestrial,NA,0.25,0.25,1.6595998864699697,0.8961893152642614,high,trait
1,3,hoskins2020,Table 1,0,1,39.44,20,10,24,ULT50,C,39.44,38.68,0.38,0.69,3,3,0,1,Cryptopygus,sp.,1,2,1,NA,NA,NA,NA,NA,terrestrial,NA,0.38,0.69,-1.0886737683042413,0.765434214482813,high,trait
1,3,hoskins2020,Table 1,0,1,39.26,25,10,24,ULT50,C,39.26,39.33,0.29,0.33,3,3,0,1,Cryptopygus,sp.,1,2,1,NA,NA,NA,NA,NA,terrestrial,NA,0.29,0.33,0.17979368961363082,0.6693604809020736,high,trait
1,4,hoskins2020,Table 1,0,1,-1.86,10,10,24,CTmin,C,-1.86,-3.04,1.03,0.7,45,43,0,1,Desoria,trispinata,1,2,1,NA,NA,NA,NA,NA,terrestrial,NA,1.03,0.7,-1.3226258996950606,0.05541746384925701,low,trait
1,4,hoskins2020,Table 1,0,1,-3.38,15,10,24,CTmin,C,-3.38,-3.07,0.78,0.4,49,47,0,1,Desoria,trispinata,1,2,1,NA,NA,NA,NA,NA,terrestrial,NA,0.78,0.4,0.49307573786919634,0.04295102819371224,low,trait
1,4,hoskins2020,Table 1,0,1,-3.06,20,10,24,CTmin,C,-3.06,-2.74,0.41,0.61,52,49,0,1,Desoria,trispinata,1,2,1,NA,NA,NA,NA,NA,terrestrial,NA,0.41,0.61,0.6145744765781084,0.04150874332410137,low,trait
1,4,hoskins2020,Table 1,0,1,-1.71,25,10,24,CTmin,C,-1.71,-1.82,0.76,0.61,43,48,0,1,Desoria,trispinata,1,2,1,NA,NA,NA,NA,NA,terrestrial,NA,0.76,0.61,-0.1592512828126016,0.044228493281752795,low,trait
1,4,hoskins2020,Table 1,0,1,38.02,10,10,24,CTmax,C,38.02,38.49,0.83,0.35,46,49,0,1,Desoria,trispinata,1,2,1,NA,NA,NA,NA,NA,terrestrial,NA,0.83,0.35,0.7403093707295353,0.04503180930214115,high,trait
1,4,hoskins2020,Table 1,0,1,38.39,15,10,24,CTmax,C,38.39,37.86,0.58,0.31,52,50,0,1,Desoria,trispinata,1,2,1,NA,NA,NA,NA,NA,terrestrial,NA,0.58,0.31,-1.1249133274012961,0.04543385743746069,high,trait
1,4,hoskins2020,Table 1,0,1,37.8,20,10,24,CTmax,C,37.8,38.12,0.26,0.32,51,47,0,1,Desoria,trispinata,1,2,1,NA,NA,NA,NA,NA,terrestrial,NA,0.26,0.32,1.093664020152141,0.04698699494813648,high,trait
1,4,hoskins2020,Table 1,0,1,38.14,25,10,24,CTmax,C,38.14,38.47,0.43,0.38,58,46,0,1,Desoria,trispinata,1,2,1,NA,NA,NA,NA,NA,terrestrial,NA,0.43,0.38,0.8014921490831511,0.042068921596290554,high,trait
1,4,hoskins2020,Table 1,0,1,35.66,10,10,24,ULT50,C,35.66,35.53,0.58,0.49,3,3,0,1,Desoria,trispinata,1,2,1,NA,NA,NA,NA,NA,terrestrial,NA,0.58,0.49,-0.19319627822117327,0.6697770668265427,high,trait
1,4,hoskins2020,Table 1,0,1,35.91,15,10,24,ULT50,C,35.91,35.75,0.42,0.12,3,3,0,1,Desoria,trispinata,1,2,1,NA,NA,NA,NA,NA,terrestrial,NA,0.42,0.12,-0.4133194633071688,0.6809027482290438,high,trait
1,4,hoskins2020,Table 1,0,1,36.2,20,10,24,ULT50,C,36.2,36.09,0.4,0.13,3,3,0,1,Desoria,trispinata,1,2,1,NA,NA,NA,NA,NA,terrestrial,NA,0.4,0.13,-0.29510993334737146,0.6739241560633574,high,trait
1,4,hoskins2020,Table 1,0,1,36.2,25,10,24,ULT50,C,36.2,36.49,0.34,0.43,3,3,0,1,Desoria,trispinata,1,2,1,NA,NA,NA,NA,NA,terrestrial,NA,0.34,0.43,0.5969401894030486,0.6963614658103789,high,trait
1,5,hoskins2020,Table 1,0,1,-2.22,10,10,24,CTmin,C,-2.22,-2.67,0.69,0.69,22,49,0,1,Folsomia,sp.,1,2,1,NA,NA,NA,NA,NA,terrestrial,NA,0.69,0.69,-0.6450549624951346,0.06879296156942621,low,trait
1,5,hoskins2020,Table 1,0,1,-2.09,15,10,24,CTmin,C,-2.09,-2.28,0.51,0.7,50,47,0,1,Folsomia,sp.,1,2,1,NA,NA,NA,NA,NA,terrestrial,NA,0.51,0.7,-0.309291557494411,0.04176969506188352,low,trait
1,5,hoskins2020,Table 1,0,1,-1.77,20,10,24,CTmin,C,-1.77,-1.74,0.7,0.47,50,48,0,1,Folsomia,sp.,1,2,1,NA,NA,NA,NA,NA,terrestrial,NA,0.7,0.47,0.049728984191704594,0.040845950536745265,low,trait
1,5,hoskins2020,Table 1,0,1,-0.67,25,10,24,CTmin,C,-0.67,-1.04,0.57,0.41,53,51,0,1,Folsomia,sp.,1,2,1,NA,NA,NA,NA,NA,terrestrial,NA,0.57,0.41,-0.7374437482079678,0.04109030267407129,low,trait
1,5,hoskins2020,Table 1,0,1,38.22,10,10,24,CTmax,C,38.22,38.22,0.88,0.48,47,49,0,1,Folsomia,sp.,1,2,1,NA,NA,NA,NA,NA,terrestrial,NA,0.88,0.48,0,0.04168475900998697,high,trait
1,5,hoskins2020,Table 1,0,1,38.44,15,10,24,CTmax,C,38.44,38.08,0.39,0.4,48,47,0,1,Folsomia,sp.,1,2,1,NA,NA,NA,NA,NA,terrestrial,NA,0.39,0.4,-0.9040699605821705,0.046411731676051275,high,trait
1,5,hoskins2020,Table 1,0,1,39.06,20,10,24,CTmax,C,39.06,38.84,0.65,0.59,56,49,0,1,Folsomia,sp.,1,2,1,NA,NA,NA,NA,NA,terrestrial,NA,0.65,0.59,-0.35068731493289623,0.0388509327550911,high,trait
1,5,hoskins2020,Table 1,0,1,38.62,25,10,24,CTmax,C,38.62,38.98,0.41,0.43,49,47,0,1,Folsomia,sp.,1,2,1,NA,NA,NA,NA,NA,terrestrial,NA,0.41,0.43,0.8504724537873058,0.045451964190460936,high,trait
1,5,hoskins2020,Table 1,0,1,35.81,10,10,24,ULT50,C,35.81,34.85,0.79,0.42,3,3,0,1,Folsomia,sp.,1,2,1,NA,NA,NA,NA,NA,terrestrial,NA,0.79,0.42,-1.2107253180067807,0.7888213163052183,high,trait
1,5,hoskins2020,Table 1,0,1,35.51,15,10,24,ULT50,C,35.51,35.74,0.28,0.39,3,3,0,1,Folsomia,sp.,1,2,1,NA,NA,NA,NA,NA,terrestrial,NA,0.28,0.39,0.5405643869796483,0.6910174880392236,high,trait
1,5,hoskins2020,Table 1,0,1,35.69,20,10,24,ULT50,C,35.69,35.57,0.72,0.27,3,3,0,1,Folsomia,sp.,1,2,1,NA,NA,NA,NA,NA,terrestrial,NA,0.72,0.27,-0.17608905625209367,0.6692506129776461,high,trait
1,5,hoskins2020,Table 1,0,1,35.71,25,10,24,ULT50,C,35.71,36.35,0.43,0.38,3,3,0,1,Folsomia,sp.,1,2,1,NA,NA,NA,NA,NA,terrestrial,NA,0.43,0.38,1.2584592809014454,0.7986433134739153,high,trait
1,6,hoskins2020,Table 1,0,1,-1.65,10,10,24,CTmin,C,-1.65,-2.33,0.75,1.01,44,43,0,1,Hemisotoma,thermophila,1,2,1,NA,NA,NA,NA,NA,terrestrial,NA,0.75,1.01,-0.7589548249768313,0.04929350292418416,low,trait
1,6,hoskins2020,Table 1,0,1,-2.06,15,10,24,CTmin,C,-2.06,-2.18,0.89,0.64,54,48,0,1,Hemisotoma,thermophila,1,2,1,NA,NA,NA,NA,NA,terrestrial,NA,0.89,0.64,-0.1521987771807684,0.03946540316447597,low,trait
1,6,hoskins2020,Table 1,0,1,-0.48,20,10,24,CTmin,C,-0.48,-1.63,1.52,0.62,52,45,0,1,Hemisotoma,thermophila,1,2,1,NA,NA,NA,NA,NA,terrestrial,NA,1.52,0.62,-0.9579702730161447,0.046183440133314275,low,trait
1,6,hoskins2020,Table 1,0,1,-1.31,25,10,24,CTmin,C,-1.31,-0.59,0.72,0.9,44,44,0,1,Hemisotoma,thermophila,1,2,1,NA,NA,NA,NA,NA,terrestrial,NA,0.72,0.9,0.8757214566514896,0.04981186403204436,low,trait
1,6,hoskins2020,Table 1,0,1,1.3,30,10,24,CTmin,C,1.3,1.51,0.73,1.11,47,43,0,1,Hemisotoma,thermophila,1,2,1,NA,NA,NA,NA,NA,terrestrial,NA,0.73,1.11,0.2236546950622037,0.044810306490521264,low,trait
1,6,hoskins2020,Table 1,0,1,41.91,10,10,24,CTmax,C,41.91,42.4,0.79,0.58,58,46,0,1,Hemisotoma,thermophila,1,2,1,NA,NA,NA,NA,NA,terrestrial,NA,0.79,0.58,0.689807184533358,0.041268172975097814,high,trait
1,6,hoskins2020,Table 1,0,1,41.9,15,10,24,CTmax,C,41.9,42.47,1.05,0.95,40,40,0,1,Hemisotoma,thermophila,1,2,1,NA,NA,NA,NA,NA,terrestrial,NA,1.05,0.95,0.5637943494181998,0.051986650427724324,high,trait
1,6,hoskins2020,Table 1,0,1,42.66,20,10,24,CTmax,C,42.66,42.49,0.62,0.77,52,50,0,1,Hemisotoma,thermophila,1,2,1,NA,NA,NA,NA,NA,terrestrial,NA,0.62,0.77,-0.2418796888386314,0.03951756228896861,high,trait
1,6,hoskins2020,Table 1,0,1,42.23,25,10,24,CTmax,C,42.23,42.8,0.74,0.81,57,40,0,1,Hemisotoma,thermophila,1,2,1,NA,NA,NA,NA,NA,terrestrial,NA,0.74,0.81,0.7348674163101125,0.04532752005919652,high,trait
1,6,hoskins2020,Table 1,0,1,42.97,30,10,24,CTmax,C,42.97,43.07,0.7,0.76,50,56,0,1,Hemisotoma,thermophila,1,2,1,NA,NA,NA,NA,NA,terrestrial,NA,0.7,0.76,0.13556046413369752,0.037943825118634096,high,trait
1,6,hoskins2020,Table 1,0,1,39.38,10,10,24,ULT50,C,39.38,39.25,0.73,0.35,3,3,0,1,Hemisotoma,thermophila,1,2,1,NA,NA,NA,NA,NA,terrestrial,NA,0.73,0.35,-0.18119457601151287,0.669402622864666,high,trait
1,6,hoskins2020,Table 1,0,1,39.17,15,10,24,ULT50,C,39.17,39.42,0.39,0.39,3,3,0,1,Hemisotoma,thermophila,1,2,1,NA,NA,NA,NA,NA,terrestrial,NA,0.39,0.39,0.5114644620531187,0.6884663246619405,high,trait
1,6,hoskins2020,Table 1,0,1,39.85,20,10,24,ULT50,C,39.85,39.25,0.39,0.45,3,3,0,1,Hemisotoma,thermophila,1,2,1,NA,NA,NA,NA,NA,terrestrial,NA,0.39,0.45,-1.136938423762064,0.7743857482855472,high,trait
1,6,hoskins2020,Table 1,0,1,40.28,25,10,24,ULT50,C,40.28,40.59,0.58,0.34,3,3,0,1,Hemisotoma,thermophila,1,2,1,NA,NA,NA,NA,NA,terrestrial,NA,0.58,0.34,0.5202924642339232,0.6892253540282173,high,trait
1,7,hoskins2020,Table 1,0,1,-0.52,10,10,24,CTmin,C,-0.52,0.1,0.34,0.81,50,43,0,1,Isotopenola,loftyensis,1,2,1,NA,NA,NA,NA,NA,terrestrial,NA,0.34,0.81,1.0176603630469636,0.04882373123583718,low,trait
1,7,hoskins2020,Table 1,0,1,-0.03,15,10,24,CTmin,C,-0.03,-0.54,0.33,0.47,51,48,0,1,Isotopenola,loftyensis,1,2,1,NA,NA,NA,NA,NA,terrestrial,NA,0.33,0.47,-1.2527702188888825,0.048367606881370546,low,trait
1,7,hoskins2020,Table 1,0,1,0.44,20,10,24,CTmin,C,0.44,0.6,1.06,0.74,94,50,0,1,Isotopenola,loftyensis,1,2,1,NA,NA,NA,NA,NA,terrestrial,NA,1.06,0.74,0.16549397116120063,0.030733395978210926,low,trait
1,7,hoskins2020,Table 1,0,1,0.18,25,10,24,CTmin,C,0.18,0.85,0.47,0.79,53,44,0,1,Isotopenola,loftyensis,1,2,1,NA,NA,NA,NA,NA,terrestrial,NA,0.47,0.79,1.046534130644468,0.04724073172260437,low,trait
1,7,hoskins2020,Table 1,0,1,1.85,30,10,24,CTmin,C,1.85,1.81,1.26,0.71,44,47,0,1,Isotopenola,loftyensis,1,2,1,NA,NA,NA,NA,NA,terrestrial,NA,1.26,0.71,-0.03912576895690501,0.0440122796027034,low,trait
1,7,hoskins2020,Table 1,0,1,41.31,10,10,24,CTmax,C,41.31,41.09,0.93,1.02,47,54,0,1,Isotopenola,loftyensis,1,2,1,NA,NA,NA,NA,NA,terrestrial,NA,0.93,1.02,-0.22296355527635386,0.04004121697102844,high,trait
1,7,hoskins2020,Table 1,0,1,41.2,15,10,24,CTmax,C,41.2,41.33,0.81,0.82,60,45,0,1,Isotopenola,loftyensis,1,2,1,NA,NA,NA,NA,NA,terrestrial,NA,0.81,0.82,0.15848310216067354,0.03900849314446256,high,trait
1,7,hoskins2020,Table 1,0,1,40.73,20,10,24,CTmax,C,40.73,41.3,1.21,0.9,44,56,0,1,Isotopenola,loftyensis,1,2,1,NA,NA,NA,NA,NA,terrestrial,NA,1.21,0.9,0.5400381854688399,0.04204262179323797,high,trait
1,7,hoskins2020,Table 1,0,1,41.59,25,10,24,CTmax,C,41.59,40.7,0.58,0.89,60,49,0,1,Isotopenola,loftyensis,1,2,1,NA,NA,NA,NA,NA,terrestrial,NA,0.58,0.89,-1.2017051922757707,0.04369912061611291,high,trait
1,7,hoskins2020,Table 1,0,1,41.61,30,10,24,CTmax,C,41.61,41.07,0.88,0.9,78,42,0,1,Isotopenola,loftyensis,1,2,1,NA,NA,NA,NA,NA,terrestrial,NA,0.88,0.9,-0.6049144559464793,0.0381547095425909,high,trait
1,7,hoskins2020,Table 1,0,1,38.28,10,10,24,ULT50,C,38.28,38.57,0.65,0.37,3,3,0,1,Isotopenola,loftyensis,1,2,1,NA,NA,NA,NA,NA,terrestrial,NA,0.65,0.37,0.4375138706871653,0.6826181989203054,high,trait
1,7,hoskins2020,Table 1,0,1,38.37,15,10,24,ULT50,C,38.37,39,0.38,0.58,3,3,0,1,Isotopenola,loftyensis,1,2,1,NA,NA,NA,NA,NA,terrestrial,NA,0.38,0.58,1.025211287935993,0.7542548487426147,high,trait
1,7,hoskins2020,Table 1,0,1,39.14,20,10,24,ULT50,C,39.14,38.66,0.13,0.33,3,3,0,1,Isotopenola,loftyensis,1,2,1,NA,NA,NA,NA,NA,terrestrial,NA,0.13,0.33,-1.527059559775466,0.8609925749251366,high,trait
1,7,hoskins2020,Table 1,0,1,38.93,25,10,24,ULT50,C,38.93,38.83,0.48,0.76,3,3,0,1,Isotopenola,loftyensis,1,2,1,NA,NA,NA,NA,NA,terrestrial,NA,0.48,0.76,-0.12553053476192094,0.6679798262631345,high,trait
1,8,hoskins2020,Table 1,0,1,-0.39,10,10,24,CTmin,C,-0.39,-0.23,0.77,0.72,65,56,0,1,Mucrosomia,caeca,1,2,1,NA,NA,NA,NA,NA,terrestrial,NA,0.77,0.72,0.21274950347168722,0.033428792750962576,low,trait
1,8,hoskins2020,Table 1,0,1,-0.74,15,10,24,CTmin,C,-0.74,0.15,0.65,0.67,48,47,0,1,Mucrosomia,caeca,1,2,1,NA,NA,NA,NA,NA,terrestrial,NA,0.65,0.67,1.337640136803466,0.05152719821268574,low,trait
1,8,hoskins2020,Table 1,0,1,-0.24,20,10,24,CTmin,C,-0.24,-0.07,0.46,0.6,45,57,0,1,Mucrosomia,caeca,1,2,1,NA,NA,NA,NA,NA,terrestrial,NA,0.46,0.6,0.31079700052851067,0.04023958567299954,low,trait
1,8,hoskins2020,Table 1,0,1,1.23,25,10,24,CTmin,C,1.23,0.94,0.59,0.75,48,51,0,1,Mucrosomia,caeca,1,2,1,NA,NA,NA,NA,NA,terrestrial,NA,0.59,0.75,-0.42490559061978955,0.041353018697557684,low,trait
1,8,hoskins2020,Table 1,0,1,36.01,10,10,24,CTmax,C,36.01,35.1,0.57,0.44,75,49,0,1,Mucrosomia,caeca,1,2,1,NA,NA,NA,NA,NA,terrestrial,NA,0.57,0.44,-1.7301507673046348,0.045811745298658876,high,trait
1,8,hoskins2020,Table 1,0,1,35.52,15,10,24,CTmax,C,35.52,35.42,0.36,0.61,51,47,0,1,Mucrosomia,caeca,1,2,1,NA,NA,NA,NA,NA,terrestrial,NA,0.36,0.61,-0.20012172061602587,0.04108876899960065,high,trait
1,8,hoskins2020,Table 1,0,1,35.09,20,10,24,CTmax,C,35.09,35.52,0.52,0.59,51,57,0,1,Mucrosomia,caeca,1,2,1,NA,NA,NA,NA,NA,terrestrial,NA,0.52,0.59,0.7650373594257482,0.03986134242210512,high,trait
1,8,hoskins2020,Table 1,0,1,36.21,25,10,24,CTmax,C,36.21,36.76,0.59,0.24,54,50,0,1,Mucrosomia,caeca,1,2,1,NA,NA,NA,NA,NA,terrestrial,NA,0.59,0.24,1.1954937442792606,0.04538969780991682,high,trait
1,8,hoskins2020,Table 1,0,1,34.09,10,10,24,ULT50,C,34.09,32.7,0.3,0.42,3,3,0,1,Mucrosomia,caeca,1,2,1,NA,NA,NA,NA,NA,terrestrial,NA,0.3,0.42,-3.0388044192962256,1.4361943582278558,high,trait
1,8,hoskins2020,Table 1,0,1,33.86,15,10,24,ULT50,C,33.86,33.2,0.13,0.7,3,3,0,1,Mucrosomia,caeca,1,2,1,NA,NA,NA,NA,NA,terrestrial,NA,0.13,0.7,-1.0460148478481475,0.7578455884932319,high,trait
1,8,hoskins2020,Table 1,0,1,34.05,20,10,24,ULT50,C,34.05,34.41,0.01,0.5,3,3,0,1,Mucrosomia,caeca,1,2,1,NA,NA,NA,NA,NA,terrestrial,NA,0.01,0.5,0.812270562438443,0.7216486222170053,high,trait
1,8,hoskins2020,Table 1,0,1,35.02,25,10,24,ULT50,C,35.02,34.55,0.59,0.56,3,3,0,1,Mucrosomia,caeca,1,2,1,NA,NA,NA,NA,NA,terrestrial,NA,0.59,0.56,-0.6519620999469777,0.7020878816472728,high,trait
1,9,hoskins2020,Table 1,0,1,-3.2,10,10,24,CTmin,C,-3.2,-2.48,0.58,1.11,47,44,0,1,Parisotoma,notabilis,1,2,1,NA,NA,NA,NA,NA,terrestrial,NA,0.58,1.11,0.814026291786898,0.047644741019867466,low,trait
1,9,hoskins2020,Table 1,0,1,-2.9,15,10,24,CTmin,C,-2.9,-1.31,0.4,0.82,43,46,0,1,Parisotoma,notabilis,1,2,1,NA,NA,NA,NA,NA,terrestrial,NA,0.4,0.82,2.4177544169744167,0.07783503663995245,low,trait
1,9,hoskins2020,Table 1,0,1,-3.56,20,10,24,CTmin,C,-3.56,-0.94,1.02,0.69,45,50,0,1,Parisotoma,notabilis,1,2,1,NA,NA,NA,NA,NA,terrestrial,NA,1.02,0.69,3.014780039217744,0.09005853108993667,low,trait
1,9,hoskins2020,Table 1,0,1,-2.06,25,10,24,CTmin,C,-2.06,0.21,0.75,0.47,48,47,0,1,Parisotoma,notabilis,1,2,1,NA,NA,NA,NA,NA,terrestrial,NA,0.75,0.47,3.5892658736136673,0.10991429492794935,low,trait
1,9,hoskins2020,Table 1,0,1,37.07,10,10,24,CTmax,C,37.07,37.48,0.41,0.38,49,43,0,1,Parisotoma,notabilis,1,2,1,NA,NA,NA,NA,NA,terrestrial,NA,0.41,0.38,1.0259650329838144,0.04938465248458514,high,trait
1,9,hoskins2020,Table 1,0,1,36.91,15,10,24,CTmax,C,36.91,37.76,0.37,0.36,56,47,0,1,Parisotoma,notabilis,1,2,1,NA,NA,NA,NA,NA,terrestrial,NA,0.37,0.36,2.3083918211552286,0.0650010822910293,high,trait
1,9,hoskins2020,Table 1,0,1,36.84,20,10,24,CTmax,C,36.84,36.67,0.3,0.64,45,52,0,1,Parisotoma,notabilis,1,2,1,NA,NA,NA,NA,NA,terrestrial,NA,0.3,0.64,-0.3297601183234923,0.04201351586349003,high,trait
1,9,hoskins2020,Table 1,0,1,37.13,25,10,24,CTmax,C,37.13,38.08,0.37,0.64,45,51,0,1,Parisotoma,notabilis,1,2,1,NA,NA,NA,NA,NA,terrestrial,NA,0.37,0.64,1.7747827934087983,0.0582355547541643,high,trait
1,9,hoskins2020,Table 1,0,1,34.63,10,10,24,ULT50,C,34.63,34.57,0.62,0.36,3,3,0,1,Parisotoma,notabilis,1,2,1,NA,NA,NA,NA,NA,terrestrial,NA,0.62,0.36,-0.0944332094796131,0.6674098025877183,high,trait
1,9,hoskins2020,Table 1,0,1,34.18,15,10,24,ULT50,C,34.18,34.75,0.15,0.41,3,3,0,1,Parisotoma,notabilis,1,2,1,NA,NA,NA,NA,NA,terrestrial,NA,0.15,0.41,1.4732229198908724,0.8475321476409823,high,trait
1,9,hoskins2020,Table 1,0,1,34.99,20,10,24,ULT50,C,34.99,35.94,0,0.07,3,3,0,1,Parisotoma,notabilis,1,2,1,NA,NA,NA,NA,NA,terrestrial,NA,0,0.07,15.313717267724742,20.209161379650915,high,trait
1,9,hoskins2020,Table 1,0,1,35.53,25,10,24,ULT50,C,35.53,36.09,0.01,0.36,3,3,0,1,Parisotoma,notabilis,1,2,1,NA,NA,NA,NA,NA,terrestrial,NA,0.01,0.36,1.7545796914998835,0.9232124911519854,high,trait
1,10,hoskins2020,Table 1,0,1,-2.33,10,10,24,CTmin,C,-2.33,-2.98,0.87,0.49,48,47,0,1,Orthonychuirus,cf. folsomi,1,2,1,NA,NA,NA,NA,NA,terrestrial,NA,0.87,0.49,-0.9106387664854453,0.046474470988678046,low,trait
1,10,hoskins2020,Table 1,0,1,-1.76,15,10,24,CTmin,C,-1.76,-1.68,1.02,0.76,53,46,0,1,Orthonychuirus,cf. folsomi,1,2,1,NA,NA,NA,NA,NA,terrestrial,NA,1.02,0.76,0.08735704008687578,0.04064559664213873,low,trait
1,10,hoskins2020,Table 1,0,1,-0.38,20,10,24,CTmin,C,-0.38,-2.26,1.19,0.72,43,42,0,1,Orthonychuirus,cf. folsomi,1,2,1,NA,NA,NA,NA,NA,terrestrial,NA,1.19,0.72,-1.8889551636863835,0.06805446488311484,low,trait
1,10,hoskins2020,Table 1,0,1,0.43,25,10,24,CTmin,C,0.43,-0.86,0.67,0.79,59,48,0,1,Orthonychuirus,cf. folsomi,1,2,1,NA,NA,NA,NA,NA,terrestrial,NA,0.67,0.79,-1.7637193154279955,0.05231849439726602,low,trait
1,10,hoskins2020,Table 1,0,1,37.5,10,10,24,CTmax,C,37.5,36.13,0.41,0.43,52,49,0,1,Orthonychuirus,cf. folsomi,1,2,1,NA,NA,NA,NA,NA,terrestrial,NA,0.41,0.43,-3.238539289854065,0.09156040146601828,high,trait
1,10,hoskins2020,Table 1,0,1,37.63,15,10,24,CTmax,C,37.63,36.93,0.64,0.48,47,41,0,1,Orthonychuirus,cf. folsomi,1,2,1,NA,NA,NA,NA,NA,terrestrial,NA,0.64,0.48,-1.214800426973901,0.05405172645039244,high,trait
1,10,hoskins2020,Table 1,0,1,37.22,20,10,24,CTmax,C,37.22,37.33,0.59,0.27,111,42,0,1,Orthonychuirus,cf. folsomi,1,2,1,NA,NA,NA,NA,NA,terrestrial,NA,0.59,0.27,0.20933660552652927,0.032961741362367354,high,trait
1,10,hoskins2020,Table 1,0,1,38.27,25,10,24,CTmax,C,38.27,37.58,0.47,0.39,47,42,0,1,Orthonychuirus,cf. folsomi,1,2,1,NA,NA,NA,NA,NA,terrestrial,NA,0.47,0.39,-1.575603877999889,0.05903290371357708,high,trait
1,10,hoskins2020,Table 1,0,1,35.71,10,10,24,ULT50,C,35.71,34.45,0.26,0.12,3,3,0,1,Orthonychuirus,cf. folsomi,1,2,1,NA,NA,NA,NA,NA,terrestrial,NA,0.26,0.12,-4.964993431112911,2.7209299809161966,high,trait
1,10,hoskins2020,Table 1,0,1,34.99,15,10,24,ULT50,C,34.99,34.33,0,0.05,3,3,0,1,Orthonychuirus,cf. folsomi,1,2,1,NA,NA,NA,NA,NA,terrestrial,NA,0,0.05,-14.894605005660846,19.15410485622143,high,trait
1,10,hoskins2020,Table 1,0,1,35.93,20,10,24,ULT50,C,35.93,35.17,0.14,0.2,3,3,0,1,Orthonychuirus,cf. folsomi,1,2,1,NA,NA,NA,NA,NA,terrestrial,NA,0.14,0.2,-3.5127360821066516,1.694942898544499,high,trait
1,10,hoskins2020,Table 1,0,1,36.16,25,10,24,ULT50,C,36.16,35.37,0.14,0.23,3,3,0,1,Orthonychuirus,cf. folsomi,1,2,1,NA,NA,NA,NA,NA,terrestrial,NA,0.14,0.23,-3.310649066206709,1.5800331032979462,high,trait
1,1,bozinovic2016,Figure 2,0,1,7.908191177,20,10,24,CTmin,C,7.908191177,8.456259014,0.288456756,0.288456756,200,200,1,1,Drosophila,melanogaster,1,2,1,NA,NA,NA,NA,NA,terrestrial,NA,0.288456756,0.288456756,1.8964169741200274,0.0144954966746632,low,trait
1,1,bozinovic2016,Figure 2,0,1,37.83796514,20,10,24,CTmax,C,37.83796514,38.11417805,0.218181818,0.218181818,200,200,1,1,Drosophila,melanogaster,1,2,1,NA,NA,NA,NA,NA,terrestrial,NA,0.218181818,0.218181818,1.2635884560174595,0.011995819732725734,high,trait
1,1,bozinovic2016,Figure 3,0,1,29.86842861,20,10,24,Scope of thermal tolerance (CTmax - CTmin),C,29.86842861,29.59431622,0.249111909,0.249111909,200,200,1,1,Drosophila,melanogaster,1,2,1,NA,NA,NA,NA,NA,terrestrial,NA,0.249111909,0.249111909,-1.0982833731450192,0.011507782959658501,neutral,trait
1,1,delnat2019,Figure 2a,0,1,40.6,20,7,24,CTmax,C,40.6,40.86415094,0.303773585,0.303773585,75,78,1,0,Culex,pipiens,1,0,1,insecticide exposure,absence,NA,NA,NA,terrestrial,NA,2.630756416086715,0.1674268127720741,0.14241778455155174,0.026220129896841488,high,trait
1,1,delnat2019,Figure 2a,0,1,36.796226420000004,20,7,24,CTmax,C,36.796226420000004,35.9509434,0.303773585,0.316981132,78,76,1,0,Culex,pipiens,1,0,1,insecticide exposure,presence,NA,NA,NA,terrestrial,NA,2.682855660227116,0.17846379257203585,-0.4395365870986622,0.026605655646310573,high,trait
1,1,delnat2019,Figure 2a,0,1,40.6,20,14,24,CTmax,C,40.6,41.02264151,0.303773585,0.316981132,75,72,1,0,Culex,pipiens,1,0,1,insecticide exposure,absence,NA,NA,NA,terrestrial,NA,2.630756416086715,0.17846379257203585,0.22322675611223913,0.027391712646182745,high,trait
1,1,delnat2019,Figure 2a,0,1,36.796226420000004,20,14,24,CTmax,C,36.796226420000004,38.09056604,0.303773585,0.343396226,78,68,1,0,Culex,pipiens,1,0,1,insecticide exposure,presence,NA,NA,NA,terrestrial,NA,2.682855660227116,0.2012302546540327,0.6547174920385797,0.028994391729554297,high,trait
1,1,delnat2019,Figure 2b,0,1,39.41132075,20,7,24,CTmax,C,39.41132075,40.09811321,0.277358491,0.330188679,106,76,1,0,Culex,pipiens,1,2,1,insecticide exposure,absence,sex,male,NA,terrestrial,NA,2.855580439798272,0.1897331723230925,0.313092578061847,0.022861161842854073,high,trait
1,1,delnat2019,Figure 2b,0,1,36.24150943,20,7,24,CTmax,C,36.24150943,37.77358491,0.409433962,0.369811321,50,60,1,0,Culex,pipiens,1,2,1,insecticide exposure,presence,sex,male,NA,terrestrial,NA,2.895135309782752,0.22489008213730163,0.7773533908810911,0.03941338618627726,high,trait
1,1,delnat2019,Figure 2b,0,1,39.41132075,20,14,24,CTmax,C,39.41132075,40.07169811,0.277358491,0.303773585,106,89,1,0,Culex,pipiens,1,2,1,insecticide exposure,absence,sex,male,NA,terrestrial,NA,2.855580439798272,0.1674268127720741,0.3118627750203778,0.020919297808647153,high,trait
1,1,delnat2019,Figure 2b,0,1,36.24150943,20,14,24,CTmax,C,36.24150943,37.56226415,0.409433962,0.449056604,50,44,1,0,Culex,pipiens,1,2,1,insecticide exposure,presence,sex,male,NA,terrestrial,NA,2.895135309782752,0.30092040074577636,0.6170692007019203,0.044752668463735,high,trait
1,1,delnat2019,Figure 2c,0,1,40.01886792,20,7,24,CTmax,C,40.01886792,40.78490566,0.369811321,0.396226415,84,63,1,0,Culex,pipiens,1,2,1,insecticide exposure,presence,sex,female,NA,terrestrial,NA,3.3893767426682246,0.24941073232093386,0.2965800839054481,0.02807696058787765,high,trait
1,1,delnat2019,Figure 2c,0,1,39.54339623,20,7,24,CTmax,C,39.54339623,38.53962264,0.383018868,0.396226415,68,60,1,0,Culex,pipiens,1,2,1,insecticide exposure,presence,sex,female,NA,terrestrial,NA,3.1584544987370164,0.24941073232093386,-0.4320371109164942,0.03210167427433078,high,trait
1,1,delnat2019,Figure 2c,0,1,40.01886792,20,14,24,CTmax,C,40.01886792,41.0754717,0.369811321,0.422641509,84,57,1,0,Culex,pipiens,1,2,1,insecticide exposure,presence,sex,female,NA,terrestrial,NA,3.3893767426682246,0.27476298282712275,0.4003551051456249,0.030017005278055505,high,trait
1,1,delnat2019,Figure 2c,0,1,39.54339623,20,14,24,CTmax,C,39.54339623,38.80377358,0.383018868,0.383018868,68,65,1,0,Culex,pipiens,1,2,1,insecticide exposure,presence,sex,female,NA,terrestrial,NA,3.1584544987370164,0.23704470167714856,-0.3246904139365744,0.030486828056738156,high,trait
1,1,haupt2017,Table 2,0,1,23.6,10,10,24,Topt,C,23.6,22.9,1.15,0.79,35,33,0,0,Pringleophaga,marioni,1,1,1,NA,NA,NA,NA,NA,terrestrial,NA,6.803491750564558,0.7021673589679316,-0.14100905984893397,0.05902066148445505,neutral,trait
2,1,haupt2017,Table 2,0,1,10,10,10,24,Umax,mm * sec^-1,4.9,5.4,0.25,0.22,28,28,0,0,Pringleophaga,marioni,1,1,1,NA,NA,NA,NA,NA,terrestrial,NA,1.3228756555322954,0.10318914671611545,0.5254620439528291,0.07389384249674183,high,rate
1,1,haupt2017,Table 2,0,1,18.9,10,10,24,Performance breadth (Tbr),C,18.9,16.1,0.92,0.77,35,33,0,0,Pringleophaga,marioni,1,1,1,NA,NA,NA,NA,NA,terrestrial,NA,5.442793400451647,0.6756722578291935,-0.7034871003026433,0.06251338608248991,neutral,trait
1,1,haupt2017,Figure 1,0,1,5.357142857,10,10,24,Thermal preference,C,5.357142857,3.968990717,9.885825675,4.735883424,35,33,1,1,Pringleophaga,marioni,1,1,1,NA,including CTmin,NA,NA,NA,terrestrial,NA,9.885825675,4.735883424,-0.1753900040544606,0.05910064750329875,neutral,trait
1,1,haupt2017,Figure 3a,0,1,5.441176471,10,10,24,Tpref,C,5.441176471,5.085706751,9.803921569,10.17260998,35,33,1,1,Pringleophaga,marioni,1,1,1,NA,including CTmin,NA,NA,NA,terrestrial,NA,9.803921569,10.17260998,-0.03519621199991977,0.058883567501952574,neutral,trait
1,1,haupt2017,Figure 4,0,1,0,10,10,24,Speed,mm * sec^-1,0.690121786,0.600600601,0.067658999,0.067567568,28,28,1,0,Pringleophaga,marioni,1,1,1,NA,NA,NA,NA,NA,terrestrial,NA,0.35801777061913564,0.017563353037190498,-0.34826264407816043,0.07251148990410992,neutral,rate
1,1,haupt2017,Figure 4,0,1,0,10,10,24,Speed,mm * sec^-1,1.745602165,1.786786787,0.081190798,0.09009009,28,28,1,0,Pringleophaga,marioni,1,1,1,NA,NA,NA,NA,NA,terrestrial,NA,0.42962132050976065,0.027040550643568192,0.1334130599135989,0.07158749146924562,neutral,rate
1,1,haupt2017,Figure 4,0,1,10,10,10,24,Speed,mm * sec^-1,2.625169147,2.942942943,0.148849797,0.165165165,28,28,1,0,Pringleophaga,marioni,1,1,1,NA,NA,NA,NA,NA,terrestrial,NA,0.7876390911288964,0.06712397752831578,0.5605663822180987,0.07423423811493828,neutral,rate
1,1,haupt2017,Figure 4,0,1,15,10,10,24,Speed,mm * sec^-1,3.721244926,4.084084084,0.230040595,0.195195195,28,28,1,0,Pringleophaga,marioni,1,1,1,NA,NA,NA,NA,NA,terrestrial,NA,1.217260411638657,0.08623899446421343,0.414620789162981,0.07296348570362618,neutral,rate
1,1,haupt2017,Figure 4,0,1,20,10,10,24,Speed,mm * sec^-1,4.411366712,4.864864865,0.243572395,0.21021021,28,28,1,0,Pringleophaga,marioni,1,1,1,NA,NA,NA,NA,NA,terrestrial,NA,1.2888639668207846,0.09637862123356297,0.4892887229537426,0.07356610227151521,neutral,rate
1,1,haupt2017,Figure 4,0,1,25,10,10,24,Speed,mm * sec^-1,4.248985115,4.804804805,0.304465494,0.247747748,28,28,1,0,Pringleophaga,marioni,1,1,1,NA,NA,NA,NA,NA,terrestrial,NA,1.6110799598488565,0.12331462121112051,0.47968482269679646,0.07348301365290764,neutral,rate
1,1,haupt2017,Figure 4,0,1,30,10,10,24,Speed,mm * sec^-1,4.046008119,3.978978979,0.284167794,0.165165165,28,28,1,0,Pringleophaga,marioni,1,1,1,NA,NA,NA,NA,NA,terrestrial,NA,1.503674627075665,0.06712397752831578,-0.06209907150414205,0.07146300263108639,neutral,rate
1,1,haupt2017,Figure 4,0,1,35,10,10,24,Speed,mm * sec^-1,3.315290934,3.213213213,0.216508796,0.225225225,28,28,1,0,Pringleophaga,marioni,1,1,1,exposure environment,fluctuating,NA,NA,NA,terrestrial,NA,1.145656861748032,0.10688716152350923,-0.12370921440910666,0.07156521401544391,neutral,rate
1,1,maneti2018,Figure 1,0,1,37.5,23,15,24,Time to heat knockdown,min,61.7761343,58.5282967,1.7616222,2.21070812,192,192,1,0,Drosophila,simulans,1,2,1,exposure environment,constant,NA,NA,NA,terrestrial,NA,24.409753233130097,3.2869803637287007,-0.18611848700548952,0.01046177095209012,high,rate
1,1,maneti2018,Figure 1,0,1,37.5,23,15,24,Time to heat knockdown,min,36.0766524,29.7198633,1.83074266,1.51986183,192,192,1,0,Drosophila,simulans,1,2,1,NA,NA,NA,NA,NA,terrestrial,NA,25.367514421630357,1.8737263415846213,-0.3527274306900933,0.010578667500470358,high,rate
1,1,maneti2018,Figure 2,0,1,39.05433912,23,15,24,CTmax,C,39.05433912,40.23062117,0.11858974,0.096153846,16,16,1,0,Drosophila,simulans,1,2,1,NA,NA,NA,NA,NA,terrestrial,NA,0.47435896,0.029816041897001228,3.411601820051539,0.30685979654029644,high,trait
1,1,maneti2018,Figure 2,0,1,39.44520798,23,15,24,CTmax,C,39.44520798,39.85225927,0.105769231,0.081730769,16,16,1,0,Drosophila,simulans,1,2,1,NA,NA,NA,NA,NA,terrestrial,NA,0.423076924,0.02336567748095947,1.3242764953370616,0.15240169118909705,high,trait
1,1,maneti2018,Figure 2,0,1,39.6373589,23,15,24,CTmax,C,39.6373589,40.00594865,0.118589744,0.068914611,16,16,1,0,Drosophila,simulans,1,2,1,NA,NA,NA,NA,NA,terrestrial,NA,0.474358976,0.018091182868614154,1.0703620628479442,0.14290117102475167,high,trait
1,1,peng2014,Figure 1a,0,1,33.2830189,20,10,24,CTmax,C,33.2830189,35.2641509,0.79245283,0.59433962,8,8,1,0,Parabramis,pekinensis,1,1,2,NA,NA,NA,NA,NA,aquatic,NA,2.2413950794538815,0.4581967700291228,1.1576679982137876,0.29188109981525995,high,trait
1,1,peng2014,Figure 1b,0,1,5.18441558,20,10,24,CTmin,C,5.18441558,4.87725178,0.25345622,0.1843318,8,8,1,0,Parabramis,pekinensis,1,1,2,NA,NA,NA,NA,NA,aquatic,NA,0.7168824475836378,0.07914079270068472,-0.5693386622666087,0.26012957851098534,low,trait
1,1,peng2014,Figure 1c,0,1,34.1946903,20,10,24,LTmax,C,34.1946903,36.0530973,0.37168142,0.18584071,8,8,1,0,Parabramis,pekinensis,1,1,2,NA,NA,NA,NA,NA,aquatic,NA,1.051273810092181,0.08011452904275213,2.3563867176125948,0.4235174488419081,high,trait
1,1,peng2014,Figure 1d,0,1,3.41991342,20,10,24,LTmin,C,3.41991342,2.55411255,0.19480519,0.17316017,8,8,1,0,Parabramis,pekinensis,1,1,2,NA,NA,NA,NA,NA,aquatic,NA,0.5509922834373353,0.0720563078609199,-2.0829038092082595,0.3855777587004462,low,trait
1,1,sheldon2020,Figure 1,0,0,10,20,5,24,log CO2 production,uL * min^-1,0.462739323,0.446539028,0.067746686,0.064064801,5,5,1,0,Phanaeus,vindex,1,2,1,NA,NA,NA,NA,NA,terrestrial,NA,0.15148619514633332,0.016215458094074115,-0.13574878859096975,0.40092138668019583,neutral,rate
1,1,sheldon2020,Figure 1,0,0,15,20,5,24,log CO2 production,uL * min^-1,0.518703976,0.414138439,0.064801178,0.070692194,5,5,1,0,Phanaeus,vindex,1,2,1,NA,NA,NA,NA,NA,terrestrial,NA,0.14489983903006387,0.01879564314634454,-0.9136027772628056,0.4417335017311156,neutral,rate
1,1,sheldon2020,Figure 1,0,0,20,20,5,24,log CO2 production,uL * min^-1,0.657142857,0.542268041,0.085419735,0.092783505,5,5,1,0,Phanaeus,vindex,1,2,1,NA,NA,NA,NA,NA,terrestrial,NA,0.191004334080018,0.028262212773269946,-0.7595191321858693,0.42884346560781883,neutral,rate
1,1,sheldon2020,Figure 1,0,0,25,20,5,24,log CO2 production,uL * min^-1,0.619587629,0.623269514,0.082474227,0.086156112000000007,5,5,1,0,Phanaeus,vindex,1,2,1,NA,NA,NA,NA,NA,terrestrial,NA,0.18441797796374856,0.02528885336600668,0.025251179730620674,0.40003188110388943,neutral,rate
1,1,sheldon2020,Figure 1,0,0,10,20,12,24,log CO2 production,uL * min^-1,0.462739323,0.446539028,0.067746686,0.066273932,5,5,1,0,Phanaeus,vindex,1,2,1,NA,NA,NA,NA,NA,terrestrial,NA,0.15148619514633332,0.01706137806867182,-0.1356665475757694,0.40092027060655644,neutral,rate
1,1,sheldon2020,Figure 1,0,0,15,20,12,24,log CO2 production,uL * min^-1,0.518703976,0.483357879,0.064801178,0.072164948,5,5,1,0,Phanaeus,vindex,1,2,1,NA,NA,NA,NA,NA,terrestrial,NA,0.14489983903006387,0.019386055624543725,-0.3086605574433748,0.40476356698606275,neutral,rate
1,1,sheldon2020,Figure 1,0,0,20,20,12,24,log CO2 production,uL * min^-1,0.657142857,0.571723122,0.085419735,0.072901325,5,5,1,0,Phanaeus,vindex,1,2,1,NA,NA,NA,NA,NA,terrestrial,NA,0.191004334080018,0.019683536627438363,-0.5679121005641878,0.41612620769836145,neutral,rate
1,1,sheldon2020,Figure 1,0,0,25,20,12,24,log CO2 production,uL * min^-1,0.619587629,0.573195876,0.082474227,0.082474227,5,5,1,0,Phanaeus,vindex,1,2,1,NA,NA,NA,NA,NA,terrestrial,NA,0.18441797796374856,0.02368521768826273,-0.31852606857650667,0.40507294281814027,neutral,rate
